id	content	character	emotions	labels	label24
1171_0037_A_412	我爸爸很瘦吗？你的头发是白的！（点头哭泣）他被关了将近十年。我不记得他长什么样了。	b1	3,3,0,0,0,0	[3, 3, 0, 0, 0, 0]	[0, 0, 0, 1, 0, 0, 0, 1, 0, 0, 0, 0, 0, 0, 0, 0, 0, 0, 0, 0, 0, 0, 0, 0]
1171_0048_A_551	我喜欢你。我过去害怕影响你的进步，所以我想告诉你你什么时候入党的。你昨天没有通过准备期吗？第一次见到你时，我听你唱《一条河》，我喜欢你。	o2	3,0,0,0,0,0	[3, 0, 0, 0, 0, 0]	[0, 0, 0, 1, 0, 0, 0, 0, 0, 0, 0, 0, 0, 0, 0, 0, 0, 0, 0, 0, 0, 0, 0, 0]
1460_0013_A_166	P2坐在车里高兴地尖叫，D1骑着自行车愚蠢地追赶他。	d1	3,0,0,0,0,0	[3, 0, 0, 0, 0, 0]	[0, 0, 0, 1, 0, 0, 0, 0, 0, 0, 0, 0, 0, 0, 0, 0, 0, 0, 0, 0, 0, 0, 0, 0]
1460_0015_A_183	E1：我不会骗你的。我可以给你赚很多钱。你愿意嫁给我吗？	e1	3,0,0,0,0,0	[3, 0, 0, 0, 0, 0]	[0, 0, 0, 1, 0, 0, 0, 0, 0, 0, 0, 0, 0, 0, 0, 0, 0, 0, 0, 0, 0, 0, 0, 0]
1460_0016_A_195	D1：你还好吗？	d1	3,0,0,0,0,0	[3, 0, 0, 0, 0, 0]	[0, 0, 0, 1, 0, 0, 0, 0, 0, 0, 0, 0, 0, 0, 0, 0, 0, 0, 0, 0, 0, 0, 0, 0]
1460_0016_A_198	D1带P2到车上，走到另一边，打开车门。	d1	3,0,0,0,0,0	[3, 0, 0, 0, 0, 0]	[0, 0, 0, 1, 0, 0, 0, 0, 0, 0, 0, 0, 0, 0, 0, 0, 0, 0, 0, 0, 0, 0, 0, 0]
1460_0017_A_213	D1采取S2取笑。	d1	3,2,0,0,0,0	[3, 2, 0, 0, 0, 0]	[0, 0, 0, 1, 0, 0, 1, 0, 0, 0, 0, 0, 0, 0, 0, 0, 0, 0, 0, 0, 0, 0, 0, 0]
1460_0024_A_258	D1：没关系，妻子。	d1	3,0,0,0,0,0	[3, 0, 0, 0, 0, 0]	[0, 0, 0, 1, 0, 0, 0, 0, 0, 0, 0, 0, 0, 0, 0, 0, 0, 0, 0, 0, 0, 0, 0, 0]
1460_0030_A_324	E1紧紧握住P2，用T2观察，D1走向T2。	e1	3,0,0,0,0,0	[3, 0, 0, 0, 0, 0]	[0, 0, 0, 1, 0, 0, 0, 0, 0, 0, 0, 0, 0, 0, 0, 0, 0, 0, 0, 0, 0, 0, 0, 0]
1460_0075_A_1032	A1将一枚奖章递给他的父亲，深深地拥抱了他，然后离开了。	a1	3,0,0,0,0,0	[3, 0, 0, 0, 0, 0]	[0, 0, 0, 1, 0, 0, 0, 0, 0, 0, 0, 0, 0, 0, 0, 0, 0, 0, 0, 0, 0, 0, 0, 0]
2388_0094_A_564	M2：我很高兴。那不是我们吗？不要为钱担心。好好享受吧。我肯定我对你不吝啬。我可以给你任何你想要的	m2	3,0,0,0,0,0	[3, 0, 0, 0, 0, 0]	[0, 0, 0, 1, 0, 0, 0, 0, 0, 0, 0, 0, 0, 0, 0, 0, 0, 0, 0, 0, 0, 0, 0, 0]
2388_0094_A_565	顾L2被感动和拥抱	l2	3,2,0,0,0,0	[3, 2, 0, 0, 0, 0]	[0, 0, 0, 1, 0, 0, 1, 0, 0, 0, 0, 0, 0, 0, 0, 0, 0, 0, 0, 0, 0, 0, 0, 0]
2388_0098_A_595	M2：谢谢。过来坐下。非常好。非常好。嘿，提醒我。你得换一下窗户的门锁。将来独自生活时，你必须注意安全。另外，你必须更换燃气热水器。如果你没有通风，很容易在里面洗澡，然后晕倒。你可以给我，你必须改变你的性格，不要那么任性。我以后会很忙的。我肯定我不会像以前那样照顾你了。你知道一些事情，你必须尝试拥有自己的行业，存一点钱，保持独立	m2	3,0,0,0,0,0	[3, 0, 0, 0, 0, 0]	[0, 0, 0, 1, 0, 0, 0, 0, 0, 0, 0, 0, 0, 0, 0, 0, 0, 0, 0, 0, 0, 0, 0, 0]
2388_0098_A_598	顾二：听我说。你必须好好照顾自己。你的眼睛耷拉着。你必须多微笑。我喜欢看到你微笑。当你拿起照片时，你打开了灯。不要把钱存起来。你以后近视了。你知道，我不喜欢看你戴眼镜	l2	3,0,0,0,0,0	[3, 0, 0, 0, 0, 0]	[0, 0, 0, 1, 0, 0, 0, 0, 0, 0, 0, 0, 0, 0, 0, 0, 0, 0, 0, 0, 0, 0, 0, 0]
2388_0098_A_596	顾L2走上前去亲吻m2	l2	3,0,0,0,0,0	[3, 0, 0, 0, 0, 0]	[0, 0, 0, 1, 0, 0, 0, 0, 0, 0, 0, 0, 0, 0, 0, 0, 0, 0, 0, 0, 0, 0, 0, 0]
2388_0098_A_597	顾L2走上前去亲吻m2	m2	3,0,0,0,0,0	[3, 0, 0, 0, 0, 0]	[0, 0, 0, 1, 0, 0, 0, 0, 0, 0, 0, 0, 0, 0, 0, 0, 0, 0, 0, 0, 0, 0, 0, 0]
2388_0098_A_610	两人分开，痛哭起来	无角色	3,0,0,0,0,3	[3, 0, 0, 0, 0, 3]	[0, 0, 0, 1, 0, 0, 0, 0, 0, 0, 0, 0, 0, 0, 0, 0, 0, 0, 0, 0, 0, 0, 0, 1]
2388_0103_A_647	M2：听我说，将来做个好人	m2	3,0,0,0,0,3	[3, 0, 0, 0, 0, 3]	[0, 0, 0, 1, 0, 0, 0, 0, 0, 0, 0, 0, 0, 0, 0, 0, 0, 0, 0, 0, 0, 0, 0, 1]
2388_0103_A_648	顾二：好的，靠你自己	l2	3,0,0,0,0,3	[3, 0, 0, 0, 0, 3]	[0, 0, 0, 1, 0, 0, 0, 0, 0, 0, 0, 0, 0, 0, 0, 0, 0, 0, 0, 0, 0, 0, 0, 1]
2388_0103_A_651	M2：记住我，老斑鸠。下次见面时不要打人	m2	3,0,0,0,0,3	[3, 0, 0, 0, 0, 3]	[0, 0, 0, 1, 0, 0, 0, 0, 0, 0, 0, 0, 0, 0, 0, 0, 0, 0, 0, 0, 0, 0, 0, 1]
2388_0103_A_652	1999年，M2前面的顶部停止，山谷L2逐渐消失	l2	3,0,0,0,0,3	[3, 0, 0, 0, 0, 3]	[0, 0, 0, 1, 0, 0, 0, 0, 0, 0, 0, 0, 0, 0, 0, 0, 0, 0, 0, 0, 0, 0, 0, 1]
2388_0103_A_653	1999年，M2前面的顶部停止，山谷L2逐渐消失	m2	3,0,0,0,0,3	[3, 0, 0, 0, 0, 3]	[0, 0, 0, 1, 0, 0, 0, 0, 0, 0, 0, 0, 0, 0, 0, 0, 0, 0, 0, 0, 0, 0, 0, 1]
2721_0025_A_272	G2：找到最美的是所有数学家的愿望。	g2	3,0,0,0,0,0	[3, 0, 0, 0, 0, 0]	[0, 0, 0, 1, 0, 0, 0, 0, 0, 0, 0, 0, 0, 0, 0, 0, 0, 0, 0, 0, 0, 0, 0, 0]
2721_0027_A_298	G2痴迷于书中的公式。	g2	3,0,0,0,0,0	[3, 0, 0, 0, 0, 0]	[0, 0, 0, 1, 0, 0, 0, 0, 0, 0, 0, 0, 0, 0, 0, 0, 0, 0, 0, 0, 0, 0, 0, 0]
2721_0027_A_300	G2没有说话。他直接走到桌子前，拿起笔开始检查。他身后的人看着他的背笑了。	g2	3,0,0,0,0,0	[3, 0, 0, 0, 0, 0]	[0, 0, 0, 1, 0, 0, 0, 0, 0, 0, 0, 0, 0, 0, 0, 0, 0, 0, 0, 0, 0, 0, 0, 0]
2721_0041_A_433	F1推开车门，I2走过去保护她。	i2	3,0,0,0,0,0	[3, 0, 0, 0, 0, 0]	[0, 0, 0, 1, 0, 0, 0, 0, 0, 0, 0, 0, 0, 0, 0, 0, 0, 0, 0, 0, 0, 0, 0, 0]
2721_0041_A_439	I2将I2盖住并关上门。	i2	3,0,0,0,0,0	[3, 0, 0, 0, 0, 0]	[0, 0, 0, 1, 0, 0, 0, 0, 0, 0, 0, 0, 0, 0, 0, 0, 0, 0, 0, 0, 0, 0, 0, 0]
2721_0041_A_436	I2掩护她：上车。	i2	3,0,0,0,0,0	[3, 0, 0, 0, 0, 0]	[0, 0, 0, 1, 0, 0, 0, 0, 0, 0, 0, 0, 0, 0, 0, 0, 0, 0, 0, 0, 0, 0, 0, 0]
2721_0041_A_464	I2走过去，按住F1:K2。没关系。	i2	3,0,0,0,0,0	[3, 0, 0, 0, 0, 0]	[0, 0, 0, 1, 0, 0, 0, 0, 0, 0, 0, 0, 0, 0, 0, 0, 0, 0, 0, 0, 0, 0, 0, 0]
2721_0041_A_493	G2：我听到一个声音。怎么了？	g2	3,0,0,0,0,0	[3, 0, 0, 0, 0, 0]	[0, 0, 0, 1, 0, 0, 0, 0, 0, 0, 0, 0, 0, 0, 0, 0, 0, 0, 0, 0, 0, 0, 0, 0]
2721_0041_A_516	I2:我一个人做的。这与她无关。	i2	3,0,0,0,2,0	[3, 0, 0, 0, 2, 0]	[0, 0, 0, 1, 0, 0, 0, 0, 0, 0, 0, 0, 0, 0, 0, 0, 0, 0, 1, 0, 0, 0, 0, 0]
2721_0041_A_518	I2：不要说话。这与你无关。	i2	3,0,0,0,0,0	[3, 0, 0, 0, 0, 0]	[0, 0, 0, 1, 0, 0, 0, 0, 0, 0, 0, 0, 0, 0, 0, 0, 0, 0, 0, 0, 0, 0, 0, 0]
2721_0041_A_522	F1：妈妈没有错。妈妈要救我，否则我们都会被他杀死。	f1	3,0,0,0,0,2	[3, 0, 0, 0, 0, 2]	[0, 0, 0, 1, 0, 0, 0, 0, 0, 0, 0, 0, 0, 0, 0, 0, 0, 0, 0, 0, 0, 0, 1, 0]
2721_0041_A_517	F1:不，我先打了他。	f1	3,0,0,0,2,0	[3, 0, 0, 0, 2, 0]	[0, 0, 0, 1, 0, 0, 0, 0, 0, 0, 0, 0, 0, 0, 0, 0, 0, 0, 1, 0, 0, 0, 0, 0]
2721_0046_A_572	G2不敢看她一眼，慢慢地又拿起了橘子。	g2	3,0,0,0,0,0	[3, 0, 0, 0, 0, 0]	[0, 0, 0, 1, 0, 0, 0, 0, 0, 0, 0, 0, 0, 0, 0, 0, 0, 0, 0, 0, 0, 0, 0, 0]
2721_0046_A_574	G2：从来没有人告诉过我。	g2	3,0,0,0,0,0	[3, 0, 0, 0, 0, 0]	[0, 0, 0, 1, 0, 0, 0, 0, 0, 0, 0, 0, 0, 0, 0, 0, 0, 0, 0, 0, 0, 0, 0, 0]
2721_0047_A_584	G2在包里发现了一张纸条。G2把它拿出来，看到上面写着：按时吃饭，照顾好你的身体。谢谢你为我们所做的一切。	g2	3,3,0,0,0,0	[3, 3, 0, 0, 0, 0]	[0, 0, 0, 1, 0, 0, 0, 1, 0, 0, 0, 0, 0, 0, 0, 0, 0, 0, 0, 0, 0, 0, 0, 0]
2721_0047_A_585	G2盯着纸条，微笑着而不是微笑。	g2	3,3,0,0,0,0	[3, 3, 0, 0, 0, 0]	[0, 0, 0, 1, 0, 0, 0, 1, 0, 0, 0, 0, 0, 0, 0, 0, 0, 0, 0, 0, 0, 0, 0, 0]
2721_0064_A_779	M2：单独服用K2对你来说太难了。K2需要一个完整的家，我也是。	m2	3,0,0,0,0,0	[3, 0, 0, 0, 0, 0]	[0, 0, 0, 1, 0, 0, 0, 0, 0, 0, 0, 0, 0, 0, 0, 0, 0, 0, 0, 0, 0, 0, 0, 0]
2721_0073_A_875	G2：这是我最后一次联系你。	g2	3,0,0,0,0,2	[3, 0, 0, 0, 0, 2]	[0, 0, 0, 1, 0, 0, 0, 0, 0, 0, 0, 0, 0, 0, 0, 0, 0, 0, 0, 0, 0, 0, 1, 0]
2721_0080_A_982	我拥抱了他的女儿。	i2	3,0,0,0,0,0	[3, 0, 0, 0, 0, 0]	[0, 0, 0, 1, 0, 0, 0, 0, 0, 0, 0, 0, 0, 0, 0, 0, 0, 0, 0, 0, 0, 0, 0, 0]
2721_0086_A_1094	G2耳语：她救了我的命。	g2	3,0,0,0,0,0	[3, 0, 0, 0, 0, 0]	[0, 0, 0, 1, 0, 0, 0, 0, 0, 0, 0, 0, 0, 0, 0, 0, 0, 0, 0, 0, 0, 0, 0, 0]
2721_0087_A_1108	G2盯着卡片看了一会儿，然后盯着系在屋顶上准备悬挂的绳子。	g2	3,0,0,0,0,0	[3, 0, 0, 0, 0, 0]	[0, 0, 0, 1, 0, 0, 0, 0, 0, 0, 0, 0, 0, 0, 0, 0, 0, 0, 0, 0, 0, 0, 0, 0]
2721_0087_A_1107	G2关上门，走进房间。他看着手中的小礼物。那是一张贺卡。贺卡上写着：谢谢你的爱。	g2	3,0,0,0,0,0	[3, 0, 0, 0, 0, 0]	[0, 0, 0, 1, 0, 0, 0, 0, 0, 0, 0, 0, 0, 0, 0, 0, 0, 0, 0, 0, 0, 0, 0, 0]
2721_0089_A_1123	G2内心独白：在世界坐标系中拥有这两点对我来说就像一个奇迹。我不希望进入他们的生活，他们也不是像我这样的人可以取悦的对象。有时候，只要一个人活得好，就足以拯救一个人。没有他们，就没有我。所有这些都不是为了承担责任，而是为了报答善意。那个人似乎是个可靠的人。有了他，他们应该有更高的幸福几率。请完全忘记我。最好你不知道真相。如果你不快乐，我所做的一切都是徒劳的。再见，H2，我赢了。	g2	3,0,0,0,0,0	[3, 0, 0, 0, 0, 0]	[0, 0, 0, 1, 0, 0, 0, 0, 0, 0, 0, 0, 0, 0, 0, 0, 0, 0, 0, 0, 0, 0, 0, 0]
2930_0003_A_14	新郎从父亲手中接过D3的手。摄像机拍到了D3的脸。她带着甜蜜的微笑看着新郎。	d3	3,3,0,0,0,0	[3, 3, 0, 0, 0, 0]	[0, 0, 0, 1, 0, 0, 0, 1, 0, 0, 0, 0, 0, 0, 0, 0, 0, 0, 0, 0, 0, 0, 0, 0]
2930_0038_A_498	梁：不要说一个愿望。我会遇到100，1000，10000。说	n2	3,0,0,0,0,3	[3, 0, 0, 0, 0, 3]	[0, 0, 0, 1, 0, 0, 0, 0, 0, 0, 0, 0, 0, 0, 0, 0, 0, 0, 0, 0, 0, 0, 0, 1]
2930_0038_A_496	梁振英眼中含着泪水：我不会让你死的！不要离开我，你这个残忍的小东西！	n2	3,0,0,0,2,3	[3, 0, 0, 0, 2, 3]	[0, 0, 0, 1, 0, 0, 0, 0, 0, 0, 0, 0, 0, 0, 0, 0, 0, 0, 1, 0, 0, 0, 0, 1]
2930_0038_A_500	M2闭上眼睛，撅起嘴来。梁振英愣住了。他闭上眼睛，狠狠地吻了他一下。	n2	3,0,1,0,0,2	[3, 0, 1, 0, 0, 2]	[0, 0, 0, 1, 0, 0, 0, 0, 0, 1, 0, 0, 0, 0, 0, 0, 0, 0, 0, 0, 0, 0, 1, 0]
2930_0076_A_931	镜子中的O2、Q2和P2包围了她，他们都剃了光头，微笑着看着M2。	p2	3,0,0,0,0,0	[3, 0, 0, 0, 0, 0]	[0, 0, 0, 1, 0, 0, 0, 0, 0, 0, 0, 0, 0, 0, 0, 0, 0, 0, 0, 0, 0, 0, 0, 0]
2930_0076_A_932	镜子中的O2、Q2和P2包围了她，他们都剃了光头，微笑着看着M2。	o2	3,0,0,0,0,0	[3, 0, 0, 0, 0, 0]	[0, 0, 0, 1, 0, 0, 0, 0, 0, 0, 0, 0, 0, 0, 0, 0, 0, 0, 0, 0, 0, 0, 0, 0]
2930_0076_A_933	镜子中的O2、Q2和P2包围了她，他们都剃了光头，微笑着看着M2。	q2	3,0,0,0,0,0	[3, 0, 0, 0, 0, 0]	[0, 0, 0, 1, 0, 0, 0, 0, 0, 0, 0, 0, 0, 0, 0, 0, 0, 0, 0, 0, 0, 0, 0, 0]
2930_0076_A_934	M2激动地说“啊”之后，他感动得说不出话来，眼泪擦过：你	m2	3,0,0,0,0,0	[3, 0, 0, 0, 0, 0]	[0, 0, 0, 1, 0, 0, 0, 0, 0, 0, 0, 0, 0, 0, 0, 0, 0, 0, 0, 0, 0, 0, 0, 0]
2930_0076_A_935	M2跳起来拥抱了所有人。	m2	3,0,0,0,0,0	[3, 0, 0, 0, 0, 0]	[0, 0, 0, 1, 0, 0, 0, 0, 0, 0, 0, 0, 0, 0, 0, 0, 0, 0, 0, 0, 0, 0, 0, 0]
2930_0112_A_1201	当电梯门即将关闭时，梁娜犹豫了一下，微笑着向她挥手，转身走开了。M2突然停下了门，O2和P2看着她。她抑制住了冲出去的冲动，不能大声喊叫。有几个人突然涌进电梯，把她挤在后面。她看到电梯门关上的那一刻，便回头看着她。她疯了。	m2	3,0,0,0,0,3	[3, 0, 0, 0, 0, 3]	[0, 0, 0, 1, 0, 0, 0, 0, 0, 0, 0, 0, 0, 0, 0, 0, 0, 0, 0, 0, 0, 0, 0, 1]
2930_0124_A_1276	M2在家里收到了Q2的回复：你为我母亲生活得很好！！	q2	3,2,0,0,0,0	[3, 2, 0, 0, 0, 0]	[0, 0, 0, 1, 0, 0, 1, 0, 0, 0, 0, 0, 0, 0, 0, 0, 0, 0, 0, 0, 0, 0, 0, 0]
2930_0124_A_1277	他泪流满面地笑了起来。	m2	3,3,0,0,0,0	[3, 3, 0, 0, 0, 0]	[0, 0, 0, 1, 0, 0, 0, 1, 0, 0, 0, 0, 0, 0, 0, 0, 0, 0, 0, 0, 0, 0, 0, 0]
2930_0132_A_1375	O2拿着一条脸上有瘀伤的金腰带：这条腰带将送给我的朋友m2。没有她我不会站在这里。她是对的。人们必须有一个梦想。如果它成为现实呢！呵呵。。。M2，我还没告诉你。事实上，你是我心中真正的英雄！谢谢你，不管别人怎么说，你永远不会放弃支持我，谢谢你，谢谢你，谢谢你	o2	3,2,0,0,0,2	[3, 2, 0, 0, 0, 2]	[0, 0, 0, 1, 0, 0, 1, 0, 0, 0, 0, 0, 0, 0, 0, 0, 0, 0, 0, 0, 0, 0, 1, 0]
2930_0132_A_1377	他感动得流下了眼泪。	m2	3,0,0,0,0,2	[3, 0, 0, 0, 0, 2]	[0, 0, 0, 1, 0, 0, 0, 0, 0, 0, 0, 0, 0, 0, 0, 0, 0, 0, 0, 0, 0, 0, 1, 0]
2930_0134_A_1395	T2：是的，我记得。这些天，我总是想起你的童年。就像你昨天还是个孩子，一夜之间长得这么大。	t2	3,0,0,0,0,2	[3, 0, 0, 0, 0, 2]	[0, 0, 0, 1, 0, 0, 0, 0, 0, 0, 0, 0, 0, 0, 0, 0, 0, 0, 0, 0, 0, 0, 1, 0]
2930_0142_A_1464	M2:A3，当你觉得生活艰难时，把我的名字背三遍！我会在天堂给你力量！大多数情况下，这部短片最初是我为我的婚姻拍摄的。现在我把它给你。我希望我在你的记忆中永远都是这样	m2	3,0,0,0,0,2	[3, 0, 0, 0, 0, 2]	[0, 0, 0, 1, 0, 0, 0, 0, 0, 0, 0, 0, 0, 0, 0, 0, 0, 0, 0, 0, 0, 0, 1, 0]
2930_0142_A_1465	这部短片记录了M2从童年到童年的经典时刻，与不同的人合影，以及与朋友们经历的各种疯狂和幸福。。。她在照片上给父母和其他朋友写了各种各样的信息，这些信息都是非常详细和贴心的文字。	m2	3,0,0,0,0,0	[3, 0, 0, 0, 0, 0]	[0, 0, 0, 1, 0, 0, 0, 0, 0, 0, 0, 0, 0, 0, 0, 0, 0, 0, 0, 0, 0, 0, 0, 0]
2996_0047_A_711	我来了！他脸上露出坚定的微笑，眯起眼睛，盯着空中耀眼的灯光。水箱底部覆盖了它，使一切都变暗了。	q1	3,0,0,0,0,3	[3, 0, 0, 0, 0, 3]	[0, 0, 0, 1, 0, 0, 0, 0, 0, 0, 0, 0, 0, 0, 0, 0, 0, 0, 0, 0, 0, 0, 0, 1]
2996_0057_A_786	坦克再次冲向阵地，随后是数十名疯狂的扫射敌人，其中大部分被A1的大爆炸切断。F1、L1和其余士兵与敌人进行了近距离射击。一首深沉的主题曲响起，壮丽而悲伤，伴随着激烈的战斗和温和的慢镜头。在F1的带领下，受伤的士兵一个接一个地前往目的地。	l1	3,0,0,0,0,3	[3, 0, 0, 0, 0, 3]	[0, 0, 0, 1, 0, 0, 0, 0, 0, 0, 0, 0, 0, 0, 0, 0, 0, 0, 0, 0, 0, 0, 0, 1]
2996_0057_A_785	坦克再次冲向阵地，随后是数十名疯狂的扫射敌人，其中大部分被A1的大爆炸切断。F1、L1和其余士兵与敌人进行了近距离射击。一首深沉的主题曲响起，壮丽而悲伤，伴随着激烈的战斗和温和的慢镜头。在F1的带领下，受伤的士兵一个接一个地前往目的地。	f1	3,0,0,0,0,3	[3, 0, 0, 0, 0, 3]	[0, 0, 0, 1, 0, 0, 0, 0, 0, 0, 0, 0, 0, 0, 0, 0, 0, 0, 0, 0, 0, 0, 0, 1]
2996_0057_A_787	F1连续投掷手榴弹，L1挥舞着一支携带所有子弹的轻型机枪，用枪托击倒敌军；一名士兵被敌方士兵刺死，F1将敌方士兵扔下，并用其头盔的锋利边缘一个接一个地刺伤和砸碎；一名士兵带着一捆冒烟的手榴弹跳出掩体，与敌人一起死亡；F1被压在地上，处于危险之中。L1冲了过来，砸碎了敌人的脑袋。他还拿了几颗子弹，直接倒在地上；老刺猬一拿着燃烧瓶冲出窑外，就被坦克上的机枪击中。F1抢过路，跑到坦克前，爬上去，用机关枪将暴露在炮塔外的敌方枪手的一半拔出，然后将他怀中的手榴弹一个接一个地扔进炮塔。坦克被连续不断的爆炸摧毁。战斗平息后，音乐消失了。	f1	3,0,0,0,0,3	[3, 0, 0, 0, 0, 3]	[0, 0, 0, 1, 0, 0, 0, 0, 0, 0, 0, 0, 0, 0, 0, 0, 0, 0, 0, 0, 0, 0, 0, 1]
2996_0057_A_788	F1连续投掷手榴弹，L1挥舞着一支携带所有子弹的轻型机枪，用枪托击倒敌军；一名士兵被敌方士兵刺死，F1将敌方士兵扔下，并用其头盔的锋利边缘一个接一个地刺伤和砸碎；一名士兵带着一捆冒烟的手榴弹跳出掩体，与敌人一起死亡；F1被压在地上，处于危险之中。L1冲了过来，砸碎了敌人的脑袋。他还拿了几颗子弹，直接倒在地上；老刺猬一拿着燃烧瓶冲出窑外，就被坦克上的机枪击中。F1抢过路，跑到坦克前，爬上去，用机关枪将暴露在炮塔外的敌方枪手的一半拔出，然后将他怀中的手榴弹一个接一个地扔进炮塔。坦克被连续不断的爆炸摧毁。战斗平息后，音乐消失了。	l1	3,0,0,0,0,3	[3, 0, 0, 0, 0, 3]	[0, 0, 0, 1, 0, 0, 0, 0, 0, 0, 0, 0, 0, 0, 0, 0, 0, 0, 0, 0, 0, 0, 0, 1]
2996_0058_A_790	F1在他的身体里打了好几圈，尽力把留在外面的尸体一个接一个地拖进窑井。他紧咬着窑壁，默默地数着整个公司的人数。	f1	3,0,0,0,0,3	[3, 0, 0, 0, 0, 3]	[0, 0, 0, 1, 0, 0, 0, 0, 0, 0, 0, 0, 0, 0, 0, 0, 0, 0, 0, 0, 0, 0, 0, 1]
2996_0100_A_1377	他像个孩子一样天真，抱着什么东西径直走进病房，本能地又忘记了另一个男人。A1站起来，透过门上的玻璃往里看——C1俯身在床头柜前，拿起东西，微笑着与害羞的患者交谈。他充满了怜悯。A1笑了笑，转身离开，膝盖重重地撞在长凳的木角上，沮丧地呻吟着，痛苦地闭上了眼睛。他帮助走廊的墙壁离开。在路上，他差点打翻了墙根上的痰盂。他似乎害怕再碰任何东西，站在那里不敢动。大门已经亮了，响起了悦耳的叫醒声。	c1	3,2,0,0,0,0	[3, 2, 0, 0, 0, 0]	[0, 0, 0, 1, 0, 0, 1, 0, 0, 0, 0, 0, 0, 0, 0, 0, 0, 0, 0, 0, 0, 0, 0, 0]
2996_0103_A_1381	这是干部餐厅，不大。窗边摆着十几张桌子。葡萄酒、蔬菜和小吃都很简单。天花板上挂着大量纸花和纸带，花上布满了锦缎。新娘和新郎坐在纸花下的长凳上。男人魁梧、朴实、诚实，而女人美丽、温顺，这似乎是一个很好的搭配。男女士兵围着他们唱歌跳舞。他们没有规矩，但气氛很好。他们非常高兴，C1咧嘴一笑，E1害羞地靠在他身上。通过舞者之间的间隙，你可以看到A1和J1喝得太多以至于忘记了自己。J1穿着炮兵学员制服和长皮靴，与其他士兵相比非常显眼。他喝得酩酊大醉，双臂搂着肩膀哭了起来。A1也喝醉了，把J1拖到桌旁向大家敬酒，脸红了，大声喊叫，放肆地笑了起来。手风琴轰鸣着，歌声继续。	c1	3,3,0,0,0,0	[3, 3, 0, 0, 0, 0]	[0, 0, 0, 1, 0, 0, 0, 1, 0, 0, 0, 0, 0, 0, 0, 0, 0, 0, 0, 0, 0, 0, 0, 0]
2996_0103_A_1382	这是干部餐厅，不大。窗边摆着十几张桌子。葡萄酒、蔬菜和小吃都很简单。天花板上挂着大量纸花和纸带，花上布满了锦缎。新娘和新郎坐在纸花下的长凳上。男人魁梧、朴实、诚实，而女人美丽、温顺，这似乎是一个很好的搭配。男女士兵围着他们唱歌跳舞。他们没有规矩，但气氛很好。他们非常高兴，C1咧嘴一笑，E1害羞地靠在他身上。通过舞者之间的间隙，你可以看到A1和J1喝得太多以至于忘记了自己。J1穿着炮兵学员制服和长皮靴，与其他士兵相比非常显眼。他喝得酩酊大醉，双臂搂着肩膀哭了起来。A1也喝醉了，把J1拖到桌旁向大家敬酒，脸红了，大声喊叫，放肆地笑了起来。手风琴轰鸣着，歌声继续。	e1	3,2,0,0,0,0	[3, 2, 0, 0, 0, 0]	[0, 0, 0, 1, 0, 0, 1, 0, 0, 0, 0, 0, 0, 0, 0, 0, 0, 0, 0, 0, 0, 0, 0, 0]
2996_0107_A_1460	简朴的石碑上刻着以下文字——中国人民志愿军280师副师长/M1烈士墓/1913-1951。纪念碑前的石座上摆放着鲜花。人们聚集在墓碑周围，看着A1缓慢地工作。他显然不愿意寻求别人的帮助，一切都是他自己做的。他先放了五包香烟和一瓶白酒。然后为死者点燃一支香烟，放在纪念碑的顶部。他让你抽烟，自己点了一根，蹲在石碑旁边，走近碑文，一个接一个地辨认上面的笔迹。当他做这一切的时候，他在喋喋不休地谈论过去。A1静静地听，很少互相打断。	a1	3,0,0,0,0,2	[3, 0, 0, 0, 0, 2]	[0, 0, 0, 1, 0, 0, 0, 0, 0, 0, 0, 0, 0, 0, 0, 0, 0, 0, 0, 0, 0, 0, 1, 0]
2996_0107_A_1514	我没有别的意思。即使你真的有果糖，你也必须有我的。。。不要含糊其辞。	a1	3,0,0,2,0,2	[3, 0, 0, 2, 0, 2]	[0, 0, 0, 1, 0, 0, 0, 0, 0, 0, 0, 0, 0, 0, 1, 0, 0, 0, 0, 0, 0, 0, 1, 0]
2996_0114_A_1625	A1:。。。不公正的兄弟。。。他们对我们不公平。。。好兄弟。。。我为你感到抱歉。。。我为你感到抱歉！	a1	3,0,0,0,0,3	[3, 0, 0, 0, 0, 3]	[0, 0, 0, 1, 0, 0, 0, 0, 0, 0, 0, 0, 0, 0, 0, 0, 0, 0, 0, 0, 0, 0, 0, 1]
2996_0122_A_1682	阳光灿烂。煤山接近底部，推土机齐头并进。周围的人面目全非，变成了黑人。A1跟着推土机前后走，盯着头盔、枪托、子弹盒等军品的残骸，对人们的尖叫声充耳不闻。推土机卡住了。砰地一声踩下油门后，头部几乎向上倾斜。扁平火枪生锈的枪管从地面出现，直视天空。人群再次欢呼并包围了他们，但他们毫无表情地躲开了。他盯着那把巨大的铲子，等待着关键时刻。铁轨在他面前来回滚动，他的眼睛盯着滚动的钢链。	a1	3,0,0,0,0,2	[3, 0, 0, 0, 0, 2]	[0, 0, 0, 1, 0, 0, 0, 0, 0, 0, 0, 0, 0, 0, 0, 0, 0, 0, 0, 0, 0, 0, 1, 0]
32504_0091_A_1496	K2：等她准备好了，我会带着孩子，很多很多孩子，很多很多孩子	k2	3,0,0,0,0,2	[3, 0, 0, 0, 0, 2]	[0, 0, 0, 1, 0, 0, 0, 0, 0, 0, 0, 0, 0, 0, 0, 0, 0, 0, 0, 0, 0, 0, 1, 0]
32504_0128_A_1867	我不后悔。我爱你	i1	3,0,0,0,0,0	[3, 0, 0, 0, 0, 0]	[0, 0, 0, 1, 0, 0, 0, 0, 0, 0, 0, 0, 0, 0, 0, 0, 0, 0, 0, 0, 0, 0, 0, 0]
32504_0128_A_1869	I1：不，你不知道。我爱你	i1	3,0,0,0,0,0	[3, 0, 0, 0, 0, 0]	[0, 0, 0, 1, 0, 0, 0, 0, 0, 0, 0, 0, 0, 0, 0, 0, 0, 0, 0, 0, 0, 0, 0, 0]
32795_0064_A_991	M1走上楼梯，看到一群S2穿着黑色衣服。他吓得马上跑开了。A1坐在地上，捂住眼睛，恐惧地喊道：我不想见你，你也杀不了我。这没有道理。你放过了人们，拿走了这些臭钱。在那之后，别让我看见你。我一见到你就不认识你了。L2，我救了你，你这个扫帚星。你知道我为你放弃了多少吗？如果你不给我一百个他妈的孩子，你会为我难过的！	a1	3,0,0,0,3,0	[3, 0, 0, 0, 3, 0]	[0, 0, 0, 1, 0, 0, 0, 0, 0, 0, 0, 0, 0, 0, 0, 0, 0, 0, 0, 1, 0, 0, 0, 0]
32798_0044_A_997	F1（通讯员）：N2良好。。。爷爷累了。休息一下，爬上去。你先用户口。。。T2架起D1，冲向洞口，跳出大楼。	f1	3,0,0,0,0,2	[3, 0, 0, 0, 0, 2]	[0, 0, 0, 1, 0, 0, 0, 0, 0, 0, 0, 0, 0, 0, 0, 0, 0, 0, 0, 0, 0, 0, 1, 0]
32798_0044_A_1335	在关键时刻，两人擦肩而过。L1将C1推到CIC。	l1	3,0,0,0,0,0	[3, 0, 0, 0, 0, 0]	[0, 0, 0, 1, 0, 0, 0, 0, 0, 0, 0, 0, 0, 0, 0, 0, 0, 0, 0, 0, 0, 0, 0, 0]
32798_0044_A_1879	L2（通讯员）：C1，你在干什么？！	l2	3,0,0,3,3,0	[3, 0, 0, 3, 3, 0]	[0, 0, 0, 1, 0, 0, 0, 0, 0, 0, 0, 0, 0, 0, 0, 1, 0, 0, 0, 1, 0, 0, 0, 0]
32798_0044_A_1884	L2（通讯员）：闭嘴！闭嘴！闭嘴！	l2	3,0,0,0,3,0	[3, 0, 0, 0, 3, 0]	[0, 0, 0, 1, 0, 0, 0, 0, 0, 0, 0, 0, 0, 0, 0, 0, 0, 0, 0, 1, 0, 0, 0, 0]
32798_0044_A_1886	C1试图控制操纵杆，从训练服中拿出黄色的合影（一家三口的合影）并将其插入控制台。	c1	3,0,0,0,0,0	[3, 0, 0, 0, 0, 0]	[0, 0, 0, 1, 0, 0, 0, 0, 0, 0, 0, 0, 0, 0, 0, 0, 0, 0, 0, 0, 0, 0, 0, 0]
32798_0044_A_1888	C1（通讯员）：儿子。。。很抱歉爸爸将再次执行这项任务。这是爸爸一生中最重要的任务	c1	3,0,0,0,0,3	[3, 0, 0, 0, 0, 3]	[0, 0, 0, 1, 0, 0, 0, 0, 0, 0, 0, 0, 0, 0, 0, 0, 0, 0, 0, 0, 0, 0, 0, 1]
32798_0044_A_1889	C1的眼睛是湿的。	c1	3,0,0,0,0,3	[3, 0, 0, 0, 0, 3]	[0, 0, 0, 1, 0, 0, 0, 0, 0, 0, 0, 0, 0, 0, 0, 0, 0, 0, 0, 0, 0, 0, 0, 1]
32798_0044_A_1899	听到他父亲的话，他哭了起来。	l2	3,0,0,0,0,3	[3, 0, 0, 0, 0, 3]	[0, 0, 0, 1, 0, 0, 0, 0, 0, 0, 0, 0, 0, 0, 0, 0, 0, 0, 0, 0, 0, 0, 0, 1]
32798_0044_A_1912	温暖的阳光洒在产房里。年轻的C1将新生的L2抱在怀里。他看上去很高兴，不时地亲吻儿子温柔的脸颊和手。	c1	3,3,0,0,0,0	[3, 3, 0, 0, 0, 0]	[0, 0, 0, 1, 0, 0, 0, 1, 0, 0, 0, 0, 0, 0, 0, 0, 0, 0, 0, 0, 0, 0, 0, 0]
32798_0044_A_1915	L2像个孩子一样站在屋顶上。	l2	3,0,0,0,0,3	[3, 0, 0, 0, 0, 3]	[0, 0, 0, 1, 0, 0, 0, 0, 0, 0, 0, 0, 0, 0, 0, 0, 0, 0, 0, 0, 0, 0, 0, 1]
32798_0044_A_2030	L2咬紧牙关后，他挣扎着挣脱H1的手，自由落体追赶D1。	l2	3,0,0,0,0,0	[3, 0, 0, 0, 0, 0]	[0, 0, 0, 1, 0, 0, 0, 0, 0, 0, 0, 0, 0, 0, 0, 0, 0, 0, 0, 0, 0, 0, 0, 0]
32798_0044_A_2034	D1也向上伸出了手。	d1	3,0,0,0,0,0	[3, 0, 0, 0, 0, 0]	[0, 0, 0, 1, 0, 0, 0, 0, 0, 0, 0, 0, 0, 0, 0, 0, 0, 0, 0, 0, 0, 0, 0, 0]
32798_0044_A_2036	L2抱住D1，在她胸前保护她，然后让她背着地面摔倒。	l2	3,0,0,0,0,0	[3, 0, 0, 0, 0, 0]	[0, 0, 0, 1, 0, 0, 0, 0, 0, 0, 0, 0, 0, 0, 0, 0, 0, 0, 0, 0, 0, 0, 0, 0]
32798_0044_A_2070	D1哭着喊L2的名字。	d1	3,0,0,0,0,3	[3, 0, 0, 0, 0, 3]	[0, 0, 0, 1, 0, 0, 0, 0, 0, 0, 0, 0, 0, 0, 0, 0, 0, 0, 0, 0, 0, 0, 0, 1]
32798_0044_A_2078	L2（背面）点燃三支电子香，双手合十。他面前是C1、F1和O2的照片。	l2	3,0,0,0,0,2	[3, 0, 0, 0, 0, 2]	[0, 0, 0, 1, 0, 0, 0, 0, 0, 0, 0, 0, 0, 0, 0, 0, 0, 0, 0, 0, 0, 0, 1, 0]
32812_0024_A_314	我喜欢你。	h2	3,0,0,0,0,0	[3, 0, 0, 0, 0, 0]	[0, 0, 0, 1, 0, 0, 0, 0, 0, 0, 0, 0, 0, 0, 0, 0, 0, 0, 0, 0, 0, 0, 0, 0]
32812_0024_A_317	H2走了两步，回头看了看K2，然后去吻她。	h2	3,0,0,0,0,0	[3, 0, 0, 0, 0, 0]	[0, 0, 0, 1, 0, 0, 0, 0, 0, 0, 0, 0, 0, 0, 0, 0, 0, 0, 0, 0, 0, 0, 0, 0]
32812_0024_A_320	H2：没关系。（从地上的书包里拿出零食递给K2）给我吃，并维护好。如果这次我死了，我会死的。如果我这样做了，我会回来用一艘三层楼高的游艇接你。	h2	3,0,0,0,0,0	[3, 0, 0, 0, 0, 0]	[0, 0, 0, 1, 0, 0, 0, 0, 0, 0, 0, 0, 0, 0, 0, 0, 0, 0, 0, 0, 0, 0, 0, 0]
32812_0035_A_512	H2：我相信我能带你回去。	h2	3,0,0,0,0,0	[3, 0, 0, 0, 0, 0]	[0, 0, 0, 1, 0, 0, 0, 0, 0, 0, 0, 0, 0, 0, 0, 0, 0, 0, 0, 0, 0, 0, 0, 0]
32812_0049_A_691	H2：太冷了！好吧，不管我说什么我都会说。你说我在这家公司待了这么长时间。至多，我只是看着你的背，但你不在乎。我觉得很踏实。事实上，即使是现在，只要你在这里，我觉得世界还在，我觉得还有希望。	h2	3,0,0,0,0,0	[3, 0, 0, 0, 0, 0]	[0, 0, 0, 1, 0, 0, 0, 0, 0, 0, 0, 0, 0, 0, 0, 0, 0, 0, 0, 0, 0, 0, 0, 0]
32812_0055_A_777	H2相遇后，K2走开了，两人面面相觑。	h2	3,0,0,0,0,0	[3, 0, 0, 0, 0, 0]	[0, 0, 0, 1, 0, 0, 0, 0, 0, 0, 0, 0, 0, 0, 0, 0, 0, 0, 0, 0, 0, 0, 0, 0]
32812_0055_A_778	H2相遇后，K2走开了，两人面面相觑。	k2	3,0,0,0,0,0	[3, 0, 0, 0, 0, 0]	[0, 0, 0, 1, 0, 0, 0, 0, 0, 0, 0, 0, 0, 0, 0, 0, 0, 0, 0, 0, 0, 0, 0, 0]
32812_0056_A_795	K2父亲的声音来自手机：K2，记得周末回家吃饭。你妈妈为你准备的。	k2	3,0,0,0,0,0	[3, 0, 0, 0, 0, 0]	[0, 0, 0, 1, 0, 0, 0, 0, 0, 0, 0, 0, 0, 0, 0, 0, 0, 0, 0, 0, 0, 0, 0, 0]
32812_0056_A_793	K2和H2坐在一起看他们的手机。	h2	3,2,0,0,0,0	[3, 2, 0, 0, 0, 0]	[0, 0, 0, 1, 0, 0, 1, 0, 0, 0, 0, 0, 0, 0, 0, 0, 0, 0, 0, 0, 0, 0, 0, 0]
32812_0056_A_794	K2和H2坐在一起看他们的手机。	k2	3,2,0,0,0,0	[3, 2, 0, 0, 0, 0]	[0, 0, 0, 1, 0, 0, 1, 0, 0, 0, 0, 0, 0, 0, 0, 0, 0, 0, 0, 0, 0, 0, 0, 0]
32812_0056_A_797	K2非常感动。	k2	3,3,0,0,0,0	[3, 3, 0, 0, 0, 0]	[0, 0, 0, 1, 0, 0, 0, 1, 0, 0, 0, 0, 0, 0, 0, 0, 0, 0, 0, 0, 0, 0, 0, 0]
32812_0056_A_809	H2站在石头上，眺望远方，K2靠在肩膀上。	h2	3,0,0,0,0,0	[3, 0, 0, 0, 0, 0]	[0, 0, 0, 1, 0, 0, 0, 0, 0, 0, 0, 0, 0, 0, 0, 0, 0, 0, 0, 0, 0, 0, 0, 0]
32812_0056_A_810	H2站在石头上，眺望远方，K2靠在肩膀上。	k2	3,0,0,0,0,0	[3, 0, 0, 0, 0, 0]	[0, 0, 0, 1, 0, 0, 0, 0, 0, 0, 0, 0, 0, 0, 0, 0, 0, 0, 0, 0, 0, 0, 0, 0]
32812_0056_A_812	一群人在跳绳，H2和K2单独跳。	h2	3,0,0,0,0,0	[3, 0, 0, 0, 0, 0]	[0, 0, 0, 1, 0, 0, 0, 0, 0, 0, 0, 0, 0, 0, 0, 0, 0, 0, 0, 0, 0, 0, 0, 0]
32812_0056_A_813	一群人在跳绳，H2和K2单独跳。	k2	3,0,0,0,0,0	[3, 0, 0, 0, 0, 0]	[0, 0, 0, 1, 0, 0, 0, 0, 0, 0, 0, 0, 0, 0, 0, 0, 0, 0, 0, 0, 0, 0, 0, 0]
32812_0058_A_832	H2和K2一起进入树林。	h2	3,0,0,0,0,0	[3, 0, 0, 0, 0, 0]	[0, 0, 0, 1, 0, 0, 0, 0, 0, 0, 0, 0, 0, 0, 0, 0, 0, 0, 0, 0, 0, 0, 0, 0]
32812_0057_A_831	之后，K2首先鼓掌，其他人也表示同意。	k2	3,0,0,0,0,0	[3, 0, 0, 0, 0, 0]	[0, 0, 0, 1, 0, 0, 0, 0, 0, 0, 0, 0, 0, 0, 0, 0, 0, 0, 0, 0, 0, 0, 0, 0]
32812_0058_A_833	H2和K2一起进入树林。	k2	3,0,0,0,0,0	[3, 0, 0, 0, 0, 0]	[0, 0, 0, 1, 0, 0, 0, 0, 0, 0, 0, 0, 0, 0, 0, 0, 0, 0, 0, 0, 0, 0, 0, 0]
32812_0059_A_841	H2的K2被水浸湿。两只手握在一起，额头靠在一起。	h2	3,0,0,0,0,0	[3, 0, 0, 0, 0, 0]	[0, 0, 0, 1, 0, 0, 0, 0, 0, 0, 0, 0, 0, 0, 0, 0, 0, 0, 0, 0, 0, 0, 0, 0]
32812_0059_A_842	H2的K2被水浸湿。两只手握在一起，额头靠在一起。	k2	3,0,0,0,0,0	[3, 0, 0, 0, 0, 0]	[0, 0, 0, 1, 0, 0, 0, 0, 0, 0, 0, 0, 0, 0, 0, 0, 0, 0, 0, 0, 0, 0, 0, 0]
32812_0060_A_849	H2跳下，捡起K2并与他们一起扭动。非常高兴。	h2	3,3,0,0,0,0	[3, 3, 0, 0, 0, 0]	[0, 0, 0, 1, 0, 0, 0, 1, 0, 0, 0, 0, 0, 0, 0, 0, 0, 0, 0, 0, 0, 0, 0, 0]
32812_0060_A_850	H2跳下，捡起K2并与他们一起扭动。非常高兴。	k2	3,3,0,0,0,0	[3, 3, 0, 0, 0, 0]	[0, 0, 0, 1, 0, 0, 0, 1, 0, 0, 0, 0, 0, 0, 0, 0, 0, 0, 0, 0, 0, 0, 0, 0]
32812_0063_A_912	K2靠在H2的腿上，两人交谈。	k2	3,0,0,0,0,0	[3, 0, 0, 0, 0, 0]	[0, 0, 0, 1, 0, 0, 0, 0, 0, 0, 0, 0, 0, 0, 0, 0, 0, 0, 0, 0, 0, 0, 0, 0]
32812_0063_A_911	K2靠在H2的腿上，两人交谈。	h2	3,0,0,0,0,0	[3, 0, 0, 0, 0, 0]	[0, 0, 0, 1, 0, 0, 0, 0, 0, 0, 0, 0, 0, 0, 0, 0, 0, 0, 0, 0, 0, 0, 0, 0]
32812_0063_A_913	我能理解小王。他太想回家了。H2，我知道你有理想，想给你带来很多希望，但说真的，如果我们真的回到那个世界，会发生什么？我们将是陌生人！（笑）但说实话，在这里的某些时刻，我会感到前所未有的简单和快乐。	k2	3,0,0,0,0,2	[3, 0, 0, 0, 0, 2]	[0, 0, 0, 1, 0, 0, 0, 0, 0, 0, 0, 0, 0, 0, 0, 0, 0, 0, 0, 0, 0, 0, 1, 0]
32812_0063_A_914	H2握住她的手：那我们就不去了。我们会一直在这里吗？	h2	3,0,0,0,0,2	[3, 0, 0, 0, 0, 2]	[0, 0, 0, 1, 0, 0, 0, 0, 0, 0, 0, 0, 0, 0, 0, 0, 0, 0, 0, 0, 0, 0, 1, 0]
32812_0063_A_915	K2向他倾斜：H2，你会一直这样握着我的手吗？	k2	3,0,0,0,0,2	[3, 0, 0, 0, 0, 2]	[0, 0, 0, 1, 0, 0, 0, 0, 0, 0, 0, 0, 0, 0, 0, 0, 0, 0, 0, 0, 0, 0, 1, 0]
32812_0063_A_916	H2：是的。	h2	3,0,0,0,0,0	[3, 0, 0, 0, 0, 0]	[0, 0, 0, 1, 0, 0, 0, 0, 0, 0, 0, 0, 0, 0, 0, 0, 0, 0, 0, 0, 0, 0, 0, 0]
32812_0067_A_996	K2：起初我不相信爱情，但我非常感谢这场灾难，它让我看到了P2的责任和责任，让我相信并再次爱上一个人，让我期待一个英雄像小女孩一样走进我的生活。我决定为他奋斗。	k2	3,0,0,0,0,0	[3, 0, 0, 0, 0, 0]	[0, 0, 0, 1, 0, 0, 0, 0, 0, 0, 0, 0, 0, 0, 0, 0, 0, 0, 0, 0, 0, 0, 0, 0]
32812_0067_A_999	K2呐喊：我吴珊珊发誓呐喊，在未来，无论我们是贫穷还是富有，无论我们是风浪还是陨落入海，我们只有彼此，没有欺骗，没有背叛，只有信任，依赖和爱。	k2	3,0,0,0,0,0	[3, 0, 0, 0, 0, 0]	[0, 0, 0, 1, 0, 0, 0, 0, 0, 0, 0, 0, 0, 0, 0, 0, 0, 0, 0, 0, 0, 0, 0, 0]
32812_0073_A_1161	K2什么也没说。他们远远地看着对方，脸上带着幸福的微笑。	k2	3,0,0,0,0,0	[3, 0, 0, 0, 0, 0]	[0, 0, 0, 1, 0, 0, 0, 0, 0, 0, 0, 0, 0, 0, 0, 0, 0, 0, 0, 0, 0, 0, 0, 0]
32812_0073_A_1159	K2：我留下来了。	k2	3,0,0,0,0,0	[3, 0, 0, 0, 0, 0]	[0, 0, 0, 1, 0, 0, 0, 0, 0, 0, 0, 0, 0, 0, 0, 0, 0, 0, 0, 0, 0, 0, 0, 0]
32845_0068_A_601	M1：我哥哥和我的关系非同寻常。我们一起当过兵。这时他来找我，代表他做我的兄弟。	m1	3,0,0,0,0,0	[3, 0, 0, 0, 0, 0]	[0, 0, 0, 1, 0, 0, 0, 0, 0, 0, 0, 0, 0, 0, 0, 0, 0, 0, 0, 0, 0, 0, 0, 0]
32845_0074_A_652	既然我在这里，我就不怕死。（指着他的大肚子）另外，你觉得我能穿上吗？	m1	3,0,0,0,0,0	[3, 0, 0, 0, 0, 0]	[0, 0, 0, 1, 0, 0, 0, 0, 0, 0, 0, 0, 0, 0, 0, 0, 0, 0, 0, 0, 0, 0, 0, 0]
32845_0109_A_856	O2:什么？	o2	3,0,0,0,0,0	[3, 0, 0, 0, 0, 0]	[0, 0, 0, 1, 0, 0, 0, 0, 0, 0, 0, 0, 0, 0, 0, 0, 0, 0, 0, 0, 0, 0, 0, 0]
32845_0109_A_853	O2和他的D3在床上做爱。	o2	3,0,0,0,0,0	[3, 0, 0, 0, 0, 0]	[0, 0, 0, 1, 0, 0, 0, 0, 0, 0, 0, 0, 0, 0, 0, 0, 0, 0, 0, 0, 0, 0, 0, 0]
32845_0109_A_855	D3呻吟着说：你不能每次都把这个放在这里吗。	d3	3,0,0,0,0,0	[3, 0, 0, 0, 0, 0]	[0, 0, 0, 1, 0, 0, 0, 0, 0, 0, 0, 0, 0, 0, 0, 0, 0, 0, 0, 0, 0, 0, 0, 0]
32845_0109_A_854	O2和他的D3在床上做爱。	d3	3,0,0,0,0,0	[3, 0, 0, 0, 0, 0]	[0, 0, 0, 1, 0, 0, 0, 0, 0, 0, 0, 0, 0, 0, 0, 0, 0, 0, 0, 0, 0, 0, 0, 0]
32845_0111_A_870	D3冲过去打了他一拳，O2立刻笑了，然后抚摸D3的脸，吻了一下就走了。	o2	3,3,0,0,0,0	[3, 3, 0, 0, 0, 0]	[0, 0, 0, 1, 0, 0, 0, 1, 0, 0, 0, 0, 0, 0, 0, 0, 0, 0, 0, 0, 0, 0, 0, 0]
32845_0133_A_1102	E3紧紧拥抱O2，在他耳边低语：发生了什么事？为什么？	o2	3,0,0,0,0,0	[3, 0, 0, 0, 0, 0]	[0, 0, 0, 1, 0, 0, 0, 0, 0, 0, 0, 0, 0, 0, 0, 0, 0, 0, 0, 0, 0, 0, 0, 0]
32845_0133_A_1103	E3紧紧拥抱O2，在他耳边低语：发生了什么事？为什么？	e3	3,0,3,0,0,0	[3, 0, 3, 0, 0, 0]	[0, 0, 0, 1, 0, 0, 0, 0, 0, 0, 0, 1, 0, 0, 0, 0, 0, 0, 0, 0, 0, 0, 0, 0]
32845_0133_A_1107	两人亲吻在一起，P2看到O2的手有些小动作：分开他们。	o2	3,0,0,0,0,0	[3, 0, 0, 0, 0, 0]	[0, 0, 0, 1, 0, 0, 0, 0, 0, 0, 0, 0, 0, 0, 0, 0, 0, 0, 0, 0, 0, 0, 0, 0]
32845_0137_A_1144	不要哭。我一路支持你！	b1	3,0,0,0,0,2	[3, 0, 0, 0, 0, 2]	[0, 0, 0, 1, 0, 0, 0, 0, 0, 0, 0, 0, 0, 0, 0, 0, 0, 0, 0, 0, 0, 0, 1, 0]
32845_0153_A_1257	B1下了车，紧紧拥抱M1。他们互相拍拍肩膀哭了起来。	m1	3,3,0,0,0,0	[3, 3, 0, 0, 0, 0]	[0, 0, 0, 1, 0, 0, 0, 1, 0, 0, 0, 0, 0, 0, 0, 0, 0, 0, 0, 0, 0, 0, 0, 0]
32845_0153_A_1256	B1下了车，紧紧拥抱M1。他们互相拍拍肩膀哭了起来。	b1	3,3,0,0,0,0	[3, 3, 0, 0, 0, 0]	[0, 0, 0, 1, 0, 0, 0, 1, 0, 0, 0, 0, 0, 0, 0, 0, 0, 0, 0, 0, 0, 0, 0, 0]
32845_0153_A_1264	S2女朋友来了，情不自禁地激动起来：谢谢，特别感谢，真的，谢谢。	s2	3,3,0,0,0,0	[3, 3, 0, 0, 0, 0]	[0, 0, 0, 1, 0, 0, 0, 1, 0, 0, 0, 0, 0, 0, 0, 0, 0, 0, 0, 0, 0, 0, 0, 0]
32845_0155_A_1276	好的，我不在的时候多注意我的身体。	o2	3,0,0,0,0,0	[3, 0, 0, 0, 0, 0]	[0, 0, 0, 1, 0, 0, 0, 0, 0, 0, 0, 0, 0, 0, 0, 0, 0, 0, 0, 0, 0, 0, 0, 0]
32845_0155_A_1279	O2挂上电话，擦了擦眼角的泪水，然后站起来使劲敲玻璃：我要向你磕头！	o2	3,0,0,0,0,3	[3, 0, 0, 0, 0, 3]	[0, 0, 0, 1, 0, 0, 0, 0, 0, 0, 0, 0, 0, 0, 0, 0, 0, 0, 0, 0, 0, 0, 0, 1]
32845_0155_A_1278	O2:今生忘了它吧。来世我会孝顺你的！	o2	3,0,0,0,0,3	[3, 0, 0, 0, 0, 3]	[0, 0, 0, 1, 0, 0, 0, 0, 0, 0, 0, 0, 0, 0, 0, 0, 0, 0, 0, 0, 0, 0, 0, 1]
32899_0023_A_640	J1和晓媛从绿色的花草上移开视线——但在远处的花丛中，烟雾缭绕，一个穿白衣的人正坐在花丛中吹笛，发出悲伤的声音。这时，穿着N2服装的Y2在跳舞，然后Q1和白衣人跳舞，围着白衣人跳舞，脱下吹着的小河，他们互相拥抱。	q1	3,0,0,0,0,0	[3, 0, 0, 0, 0, 0]	[0, 0, 0, 1, 0, 0, 0, 0, 0, 0, 0, 0, 0, 0, 0, 0, 0, 0, 0, 0, 0, 0, 0, 0]
32899_0031_A_828	B1：没关系。有了你的侄子，你的侄子会陪你发疯，即使是发疯到世界末日！	b1	3,0,0,0,0,0	[3, 0, 0, 0, 0, 0]	[0, 0, 0, 1, 0, 0, 0, 0, 0, 0, 0, 0, 0, 0, 0, 0, 0, 0, 0, 0, 0, 0, 0, 0]
32899_0044_A_1044	F1向A1伸出援手。	f1	3,0,0,0,0,0	[3, 0, 0, 0, 0, 0]	[0, 0, 0, 1, 0, 0, 0, 0, 0, 0, 0, 0, 0, 0, 0, 0, 0, 0, 0, 0, 0, 0, 0, 0]
32899_0044_A_1045	f1:j2！j2！…（死）	f1	3,0,0,0,0,0	[3, 0, 0, 0, 0, 0]	[0, 0, 0, 1, 0, 0, 0, 0, 0, 0, 0, 0, 0, 0, 0, 0, 0, 0, 0, 0, 0, 0, 0, 0]
32899_0058_A_1183	E1在吹长笛，玫瑰来了，跳舞，然后围绕E1跳舞。这是一张两个人互相拥抱的照片。	e1	3,0,0,0,0,0	[3, 0, 0, 0, 0, 0]	[0, 0, 0, 1, 0, 0, 0, 0, 0, 0, 0, 0, 0, 0, 0, 0, 0, 0, 0, 0, 0, 0, 0, 0]
32899_0058_A_1185	E1:（OS）在她的梦中，她依然优雅，纯洁，优雅，有着美丽的微笑，美丽的眼睛，像第一场雪	e1	3,0,0,0,0,0	[3, 0, 0, 0, 0, 0]	[0, 0, 0, 1, 0, 0, 0, 0, 0, 0, 0, 0, 0, 0, 0, 0, 0, 0, 0, 0, 0, 0, 0, 0]
32899_0062_A_1208	E1和F1的眼睛里含着泪水。E1拿起毒酒喝了下去。F1突然哭了起来。	e1	3,0,0,0,0,0	[3, 0, 0, 0, 0, 0]	[0, 0, 0, 1, 0, 0, 0, 0, 0, 0, 0, 0, 0, 0, 0, 0, 0, 0, 0, 0, 0, 0, 0, 0]
32899_0062_A_1209	E1和F1的眼睛里含着泪水。E1拿起毒酒喝了下去。F1突然哭了起来。	f1	3,0,0,0,0,3	[3, 0, 0, 0, 0, 3]	[0, 0, 0, 1, 0, 0, 0, 0, 0, 0, 0, 0, 0, 0, 0, 0, 0, 0, 0, 0, 0, 0, 0, 1]
32899_0065_A_1336	S2：师兄，如果我没有告诉你，你会如我所料和我一起去吗？	s2	3,0,0,0,0,0	[3, 0, 0, 0, 0, 0]	[0, 0, 0, 1, 0, 0, 0, 0, 0, 0, 0, 0, 0, 0, 0, 0, 0, 0, 0, 0, 0, 0, 0, 0]
32899_0065_A_1335	S2然后深情地看着E1。	s2	3,0,0,0,0,0	[3, 0, 0, 0, 0, 0]	[0, 0, 0, 1, 0, 0, 0, 0, 0, 0, 0, 0, 0, 0, 0, 0, 0, 0, 0, 0, 0, 0, 0, 0]
32899_0066_A_1365	小镜子，你喜欢我吗？	a1	3,0,0,0,0,0	[3, 0, 0, 0, 0, 0]	[0, 0, 0, 1, 0, 0, 0, 0, 0, 0, 0, 0, 0, 0, 0, 0, 0, 0, 0, 0, 0, 0, 0, 0]
32899_0066_A_1366	我喜欢三月的风，四月的雨，永不落下的太阳和最好的你！	b1	3,0,0,0,0,0	[3, 0, 0, 0, 0, 0]	[0, 0, 0, 1, 0, 0, 0, 0, 0, 0, 0, 0, 0, 0, 0, 0, 0, 0, 0, 0, 0, 0, 0, 0]
34126_0027_A_490	O2妈妈：（在房间里叠衣服）穿好衣服！否则你会感冒的！	o2	3,0,0,0,0,0	[3, 0, 0, 0, 0, 0]	[0, 0, 0, 1, 0, 0, 0, 0, 0, 0, 0, 0, 0, 0, 0, 0, 0, 0, 0, 0, 0, 0, 0, 0]
34126_0052_A_1014	C1：如果V1告诉我，我会非常高兴。（模棱两可的微笑）	c1	3,3,0,0,0,0	[3, 3, 0, 0, 0, 0]	[0, 0, 0, 1, 0, 0, 0, 1, 0, 0, 0, 0, 0, 0, 0, 0, 0, 0, 0, 0, 0, 0, 0, 0]
34126_0055_A_1093	O2瞥了C1一眼，C1避开了这种模棱两可的目光接触。	o2	3,0,0,0,0,0	[3, 0, 0, 0, 0, 0]	[0, 0, 0, 1, 0, 0, 0, 0, 0, 0, 0, 0, 0, 0, 0, 0, 0, 0, 0, 0, 0, 0, 0, 0]
34126_0055_A_1094	O2瞥了C1一眼，C1避开了这种模棱两可的目光接触。	c1	3,0,0,0,0,0	[3, 0, 0, 0, 0, 0]	[0, 0, 0, 1, 0, 0, 0, 0, 0, 0, 0, 0, 0, 0, 0, 0, 0, 0, 0, 0, 0, 0, 0, 0]
34126_0055_A_1096	（C1喜欢O2的记忆！）	o2	3,0,0,0,0,0	[3, 0, 0, 0, 0, 0]	[0, 0, 0, 1, 0, 0, 0, 0, 0, 0, 0, 0, 0, 0, 0, 0, 0, 0, 0, 0, 0, 0, 0, 0]
34126_0055_A_1097	（C1喜欢O2的记忆！）	c1	3,0,0,0,0,0	[3, 0, 0, 0, 0, 0]	[0, 0, 0, 1, 0, 0, 0, 0, 0, 0, 0, 0, 0, 0, 0, 0, 0, 0, 0, 0, 0, 0, 0, 0]
34126_0057_A_1115	（O2脱下你的衣服给C1，C1用衣服擤鼻涕）	o2	3,0,0,0,0,0	[3, 0, 0, 0, 0, 0]	[0, 0, 0, 1, 0, 0, 0, 0, 0, 0, 0, 0, 0, 0, 0, 0, 0, 0, 0, 0, 0, 0, 0, 0]
34126_0057_A_1117	O2：不管你想上哪所学校，我都有话要告诉你。	o2	3,0,0,0,0,0	[3, 0, 0, 0, 0, 0]	[0, 0, 0, 1, 0, 0, 0, 0, 0, 0, 0, 0, 0, 0, 0, 0, 0, 0, 0, 0, 0, 0, 0, 0]
34126_0057_A_1118	C1：（哭）请不要在这个时候说你喜欢我。	c1	3,0,0,0,0,3	[3, 0, 0, 0, 0, 3]	[0, 0, 0, 1, 0, 0, 0, 0, 0, 0, 0, 0, 0, 0, 0, 0, 0, 0, 0, 0, 0, 0, 0, 1]
34126_0057_A_1120	我喜欢你。你已经知道了。	o2	3,0,0,0,0,0	[3, 0, 0, 0, 0, 0]	[0, 0, 0, 1, 0, 0, 0, 0, 0, 0, 0, 0, 0, 0, 0, 0, 0, 0, 0, 0, 0, 0, 0, 0]
34126_0057_A_1122	O2：（静静地坐在一旁，试图伸出手来拍拍C1的肩膀，但犹豫着是否要停在空中，最后还是接过了它）	o2	3,0,0,0,0,0	[3, 0, 0, 0, 0, 0]	[0, 0, 0, 1, 0, 0, 0, 0, 0, 0, 0, 0, 0, 0, 0, 0, 0, 0, 0, 0, 0, 0, 0, 0]
34126_0058_A_1138	给你。	o2	3,0,0,0,0,0	[3, 0, 0, 0, 0, 0]	[0, 0, 0, 1, 0, 0, 0, 0, 0, 0, 0, 0, 0, 0, 0, 0, 0, 0, 0, 0, 0, 0, 0, 0]
34126_0058_A_1140	氧气：。。。我自己画的。有点难看，但没关系。	o2	3,0,0,0,0,0	[3, 0, 0, 0, 0, 0]	[0, 0, 0, 1, 0, 0, 0, 0, 0, 0, 0, 0, 0, 0, 0, 0, 0, 0, 0, 0, 0, 0, 0, 0]
34126_0058_A_1141	C1:。。。好的，谢谢你。	c1	3,0,0,0,0,0	[3, 0, 0, 0, 0, 0]	[0, 0, 0, 1, 0, 0, 0, 0, 0, 0, 0, 0, 0, 0, 0, 0, 0, 0, 0, 0, 0, 0, 0, 0]
34126_0058_A_1142	o2:c1	o2	3,0,0,0,0,0	[3, 0, 0, 0, 0, 0]	[0, 0, 0, 1, 0, 0, 0, 0, 0, 0, 0, 0, 0, 0, 0, 0, 0, 0, 0, 0, 0, 0, 0, 0]
34126_0058_A_1145	O2：（脸红和尴尬）不要让其他男孩太快赶上你，好吗？	o2	3,0,0,0,0,0	[3, 0, 0, 0, 0, 0]	[0, 0, 0, 1, 0, 0, 0, 0, 0, 0, 0, 0, 0, 0, 0, 0, 0, 0, 0, 0, 0, 0, 0, 0]
34126_0058_A_1146	C1:你在说什么？（有点高兴）	c1	3,3,0,0,0,0	[3, 3, 0, 0, 0, 0]	[0, 0, 0, 1, 0, 0, 0, 1, 0, 0, 0, 0, 0, 0, 0, 0, 0, 0, 0, 0, 0, 0, 0, 0]
34126_0059_A_1156	C1在火车上打开了O2的礼物。那是他自己画的一件衣服。	c1	3,0,0,0,0,0	[3, 0, 0, 0, 0, 0]	[0, 0, 0, 1, 0, 0, 0, 0, 0, 0, 0, 0, 0, 0, 0, 0, 0, 0, 0, 0, 0, 0, 0, 0]
34126_0059_A_1157	C1盯着他的衣服笑了。	c1	3,3,0,0,0,0	[3, 3, 0, 0, 0, 0]	[0, 0, 0, 1, 0, 0, 0, 1, 0, 0, 0, 0, 0, 0, 0, 0, 0, 0, 0, 0, 0, 0, 0, 0]
34126_0064_A_1195	O2：（打电话）嘿，你还没睡吗？我问你，你的迎新会是什么时候？下个星期好让我告诉你，你能停止跳舞吗？为什么？因为虽然我还没赶上你，一个连你都没赶上的男孩怎么能牵着你的手呢？我没能很好地引导自己，我控制住了一点，但那是因为。。。我认为彼此都是你。真的，大家都同意了！你不能被引导！	o2	3,0,0,0,0,0	[3, 0, 0, 0, 0, 0]	[0, 0, 0, 1, 0, 0, 0, 0, 0, 0, 0, 0, 0, 0, 0, 0, 0, 0, 0, 0, 0, 0, 0, 0]
34126_0065_A_1199	C1穿着O2手绘苹果衣服。	c1	3,0,0,0,0,0	[3, 0, 0, 0, 0, 0]	[0, 0, 0, 1, 0, 0, 0, 0, 0, 0, 0, 0, 0, 0, 0, 0, 0, 0, 0, 0, 0, 0, 0, 0]
34126_0066_A_1214	C1摘下一只手套给O2。	c1	3,0,0,0,0,0	[3, 0, 0, 0, 0, 0]	[0, 0, 0, 1, 0, 0, 0, 0, 0, 0, 0, 0, 0, 0, 0, 0, 0, 0, 0, 0, 0, 0, 0, 0]
34126_0066_A_1207	在小平台上，O2和C1观察电流并离开。	o2	3,0,0,0,0,0	[3, 0, 0, 0, 0, 0]	[0, 0, 0, 1, 0, 0, 0, 0, 0, 0, 0, 0, 0, 0, 0, 0, 0, 0, 0, 0, 0, 0, 0, 0]
34126_0066_A_1208	在小平台上，O2和C1观察电流并离开。	c1	3,0,0,0,0,0	[3, 0, 0, 0, 0, 0]	[0, 0, 0, 1, 0, 0, 0, 0, 0, 0, 0, 0, 0, 0, 0, 0, 0, 0, 0, 0, 0, 0, 0, 0]
34126_0066_A_1210	你好，这是约会吗？	o2	3,0,0,0,0,0	[3, 0, 0, 0, 0, 0]	[0, 0, 0, 1, 0, 0, 0, 0, 0, 0, 0, 0, 0, 0, 0, 0, 0, 0, 0, 0, 0, 0, 0, 0]
34126_0066_A_1216	氧气：。。。非常感谢。	o2	3,0,0,0,0,0	[3, 0, 0, 0, 0, 0]	[0, 0, 0, 1, 0, 0, 0, 0, 0, 0, 0, 0, 0, 0, 0, 0, 0, 0, 0, 0, 0, 0, 0, 0]
34126_0067_A_1223	在C1之前和O2之后，他们俩都开心地笑了。	c1	3,3,0,0,0,0	[3, 3, 0, 0, 0, 0]	[0, 0, 0, 1, 0, 0, 0, 1, 0, 0, 0, 0, 0, 0, 0, 0, 0, 0, 0, 0, 0, 0, 0, 0]
34126_0066_A_1215	C1:移动。	c1	3,0,0,0,0,0	[3, 0, 0, 0, 0, 0]	[0, 0, 0, 1, 0, 0, 0, 0, 0, 0, 0, 0, 0, 0, 0, 0, 0, 0, 0, 0, 0, 0, 0, 0]
34126_0067_A_1225	O2：（害怕）是的，我非常喜欢。	o2	3,0,0,0,0,0	[3, 0, 0, 0, 0, 0]	[0, 0, 0, 1, 0, 0, 0, 0, 0, 0, 0, 0, 0, 0, 0, 0, 0, 0, 0, 0, 0, 0, 0, 0]
34126_0067_A_1234	O2:是的。	o2	3,0,0,0,0,0	[3, 0, 0, 0, 0, 0]	[0, 0, 0, 1, 0, 0, 0, 0, 0, 0, 0, 0, 0, 0, 0, 0, 0, 0, 0, 0, 0, 0, 0, 0]
34126_0068_A_1252	我非常喜欢你，我非常喜欢你。	o2	3,0,0,0,0,0	[3, 0, 0, 0, 0, 0]	[0, 0, 0, 1, 0, 0, 0, 0, 0, 0, 0, 0, 0, 0, 0, 0, 0, 0, 0, 0, 0, 0, 0, 0]
34126_0068_A_1254	O2：总有一天我会赶上你，一亿人会赶上你。	o2	3,0,0,0,0,0	[3, 0, 0, 0, 0, 0]	[0, 0, 0, 1, 0, 0, 0, 0, 0, 0, 0, 0, 0, 0, 0, 0, 0, 0, 0, 0, 0, 0, 0, 0]
34126_0068_A_1255	C1：（鼓起勇气）你想听答案吗？我现在可以告诉你。	c1	3,0,0,0,0,0	[3, 0, 0, 0, 0, 0]	[0, 0, 0, 1, 0, 0, 0, 0, 0, 0, 0, 0, 0, 0, 0, 0, 0, 0, 0, 0, 0, 0, 0, 0]
34126_0068_A_1261	O2：请让我继续喜欢你。	o2	3,0,0,0,0,0	[3, 0, 0, 0, 0, 0]	[0, 0, 0, 1, 0, 0, 0, 0, 0, 0, 0, 0, 0, 0, 0, 0, 0, 0, 0, 0, 0, 0, 0, 0]
34126_0068_A_1263	一个大字“好”写在天灯的近C1面。	c1	3,0,0,0,0,0	[3, 0, 0, 0, 0, 0]	[0, 0, 0, 1, 0, 0, 0, 0, 0, 0, 0, 0, 0, 0, 0, 0, 0, 0, 0, 0, 0, 0, 0, 0]
34126_0068_A_1264	C1声音：那么。。。继续加油。	c1	3,0,0,0,0,0	[3, 0, 0, 0, 0, 0]	[0, 0, 0, 1, 0, 0, 0, 0, 0, 0, 0, 0, 0, 0, 0, 0, 0, 0, 0, 0, 0, 0, 0, 0]
34126_0074_A_1360	大家一个接一个上楼，发现C1坐在宿舍下面走过。	o2	3,0,0,0,0,0	[3, 0, 0, 0, 0, 0]	[0, 0, 0, 1, 0, 0, 0, 0, 0, 0, 0, 0, 0, 0, 0, 0, 0, 0, 0, 0, 0, 0, 0, 0]
34126_0077_A_1413	对不起，我以后不会这么天真了。	o2	3,0,0,0,0,0	[3, 0, 0, 0, 0, 0]	[0, 0, 0, 1, 0, 0, 0, 0, 0, 0, 0, 0, 0, 0, 0, 0, 0, 0, 0, 0, 0, 0, 0, 0]
34126_0077_A_1414	C1:（你的微笑中有泪水。伸出手来擦去脸上的雨水）。	c1	3,0,0,0,0,0	[3, 0, 0, 0, 0, 0]	[0, 0, 0, 1, 0, 0, 0, 0, 0, 0, 0, 0, 0, 0, 0, 0, 0, 0, 0, 0, 0, 0, 0, 0]
34126_0079_A_1446	（Q2伸出手握住C1的手）	q2	3,0,0,0,0,0	[3, 0, 0, 0, 0, 0]	[0, 0, 0, 1, 0, 0, 0, 0, 0, 0, 0, 0, 0, 0, 0, 0, 0, 0, 0, 0, 0, 0, 0, 0]
34126_0090_A_1558	c1！你。。。你没事吧？	o2	3,0,0,0,3,0	[3, 0, 0, 0, 3, 0]	[0, 0, 0, 1, 0, 0, 0, 0, 0, 0, 0, 0, 0, 0, 0, 0, 0, 0, 0, 1, 0, 0, 0, 0]
34126_0091_A_1569	O2:那么。。。没关系。我	o2	3,0,0,0,0,0	[3, 0, 0, 0, 0, 0]	[0, 0, 0, 1, 0, 0, 0, 0, 0, 0, 0, 0, 0, 0, 0, 0, 0, 0, 0, 0, 0, 0, 0, 0]
34126_0091_A_1572	（打断）我真的很感动。	c1	3,0,0,0,0,0	[3, 0, 0, 0, 0, 0]	[0, 0, 0, 1, 0, 0, 0, 0, 0, 0, 0, 0, 0, 0, 0, 0, 0, 0, 0, 0, 0, 0, 0, 0]
34126_0091_A_1582	C1:很难感觉到。。。其他人非常喜欢我。	c1	3,0,0,0,0,3	[3, 0, 0, 0, 0, 3]	[0, 0, 0, 1, 0, 0, 0, 0, 0, 0, 0, 0, 0, 0, 0, 0, 0, 0, 0, 0, 0, 0, 0, 1]
34126_0091_A_1590	氧气：……	o2	3,0,0,0,0,3	[3, 0, 0, 0, 0, 3]	[0, 0, 0, 1, 0, 0, 0, 0, 0, 0, 0, 0, 0, 0, 0, 0, 0, 0, 0, 0, 0, 0, 0, 1]
34126_0091_A_1597	谢谢你喜欢我。	c1	3,0,0,0,0,2	[3, 0, 0, 0, 0, 2]	[0, 0, 0, 1, 0, 0, 0, 0, 0, 0, 0, 0, 0, 0, 0, 0, 0, 0, 0, 0, 0, 0, 1, 0]
34126_0098_A_1642	学生2：好的，别担心。	s2	3,0,0,0,0,0	[3, 0, 0, 0, 0, 0]	[0, 0, 0, 1, 0, 0, 0, 0, 0, 0, 0, 0, 0, 0, 0, 0, 0, 0, 0, 0, 0, 0, 0, 0]
34126_0098_A_1644	S2：妈妈，别胡说八道！	s2	3,0,0,0,0,0	[3, 0, 0, 0, 0, 0]	[0, 0, 0, 1, 0, 0, 0, 0, 0, 0, 0, 0, 0, 0, 0, 0, 0, 0, 0, 0, 0, 0, 0, 0]
34126_0105_A_1735	从C1的角度回顾两个人情感温暖的每个阶段。	c1	3,0,0,0,0,0	[3, 0, 0, 0, 0, 0]	[0, 0, 0, 1, 0, 0, 0, 0, 0, 0, 0, 0, 0, 0, 0, 0, 0, 0, 0, 0, 0, 0, 0, 0]
34126_0105_A_1736	O2睡在桌子上，C1用圆珠笔刺伤了他的背部，O2吃完后又转回来。	o2	3,0,0,0,0,0	[3, 0, 0, 0, 0, 0]	[0, 0, 0, 1, 0, 0, 0, 0, 0, 0, 0, 0, 0, 0, 0, 0, 0, 0, 0, 0, 0, 0, 0, 0]
34126_0105_A_1744	C1在镜子前系上马尾辫，小心地环顾四周，展现出充满活力的可爱容貌。	c1	3,0,0,0,0,1	[3, 0, 0, 0, 0, 1]	[0, 0, 0, 1, 0, 0, 0, 0, 0, 0, 0, 0, 0, 0, 0, 0, 0, 0, 0, 0, 0, 1, 0, 0]
34126_0105_A_1745	毕业典礼上，C1在舞台上的演讲一直在观看O2。	o2	3,0,0,0,0,1	[3, 0, 0, 0, 0, 1]	[0, 0, 0, 1, 0, 0, 0, 0, 0, 0, 0, 0, 0, 0, 0, 0, 0, 0, 0, 0, 0, 1, 0, 0]
34126_0105_A_1746	毕业典礼上，C1在舞台上的演讲一直在观看O2。	c1	3,0,0,0,0,1	[3, 0, 0, 0, 0, 1]	[0, 0, 0, 1, 0, 0, 0, 0, 0, 0, 0, 0, 0, 0, 0, 0, 0, 0, 0, 0, 0, 1, 0, 0]
34126_0105_A_1754	C1联考失败后，哭来安慰自己。	o2	3,0,0,0,0,3	[3, 0, 0, 0, 0, 3]	[0, 0, 0, 1, 0, 0, 0, 0, 0, 0, 0, 0, 0, 0, 0, 0, 0, 0, 0, 0, 0, 0, 0, 1]
34126_0105_A_1755	C1联考失败后，哭来安慰自己。	c1	3,0,0,0,0,3	[3, 0, 0, 0, 0, 3]	[0, 0, 0, 1, 0, 0, 0, 0, 0, 0, 0, 0, 0, 0, 0, 0, 0, 0, 0, 0, 0, 0, 0, 1]
34126_0105_A_1756	C1在火车上吮吸着苹果的衣服，开心地笑了。	c1	3,0,0,0,0,1	[3, 0, 0, 0, 0, 1]	[0, 0, 0, 1, 0, 0, 0, 0, 0, 0, 0, 0, 0, 0, 0, 0, 0, 0, 0, 0, 0, 1, 0, 0]
34126_0105_A_1763	晚上，在部门大厅的地下室有一场激烈的自由搏斗比赛，O2看着人群中的C1。C1不忍看，最后不要回头。	o2	3,0,0,0,0,2	[3, 0, 0, 0, 0, 2]	[0, 0, 0, 1, 0, 0, 0, 0, 0, 0, 0, 0, 0, 0, 0, 0, 0, 0, 0, 0, 0, 0, 1, 0]
34126_0105_A_1764	晚上，在部门大厅的地下室有一场激烈的自由搏斗比赛，O2看着人群中的C1。C1不忍看，最后不要回头。	c1	3,0,0,0,0,2	[3, 0, 0, 0, 0, 2]	[0, 0, 0, 1, 0, 0, 0, 0, 0, 0, 0, 0, 0, 0, 0, 0, 0, 0, 0, 0, 0, 0, 1, 0]
34126_0105_A_1765	一句好话写在C1上。天灯升上了天空。	c1	3,0,0,0,0,1	[3, 0, 0, 0, 0, 1]	[0, 0, 0, 1, 0, 0, 0, 0, 0, 0, 0, 0, 0, 0, 0, 0, 0, 0, 0, 0, 0, 1, 0, 0]
34126_0105_A_1768	（打斗后的一个雨夜，O2回到C1并道歉，擦去眼泪，含泪大笑）	o2	3,0,0,0,0,0	[3, 0, 0, 0, 0, 0]	[0, 0, 0, 1, 0, 0, 0, 0, 0, 0, 0, 0, 0, 0, 0, 0, 0, 0, 0, 0, 0, 0, 0, 0]
34126_0105_A_1769	（打斗后的一个雨夜，O2回到C1并道歉，擦去眼泪，含泪大笑）	c1	3,0,0,0,0,0	[3, 0, 0, 0, 0, 0]	[0, 0, 0, 1, 0, 0, 0, 0, 0, 0, 0, 0, 0, 0, 0, 0, 0, 0, 0, 0, 0, 0, 0, 0]
34126_0105_A_1770	对不起，我太天真了。	o2	3,0,0,0,0,2	[3, 0, 0, 0, 0, 2]	[0, 0, 0, 1, 0, 0, 0, 0, 0, 0, 0, 0, 0, 0, 0, 0, 0, 0, 0, 0, 0, 0, 1, 0]
34126_0105_A_1772	镜头的旋转速度越来越快，V1和C1接吻的虚拟图片被放入图片中。	c1	3,0,0,0,0,2	[3, 0, 0, 0, 0, 2]	[0, 0, 0, 1, 0, 0, 0, 0, 0, 0, 0, 0, 0, 0, 0, 0, 0, 0, 0, 0, 0, 0, 1, 0]
34126_0105_A_1773	镜头的旋转速度越来越快，V1和C1接吻的虚拟图片被放入图片中。	v1	3,0,0,0,0,2	[3, 0, 0, 0, 0, 2]	[0, 0, 0, 1, 0, 0, 0, 0, 0, 0, 0, 0, 0, 0, 0, 0, 0, 0, 0, 0, 0, 0, 1, 0]
34126_0106_A_1793	数学I1教授排列和组合的座位问题。C1:谁和谁坐在一起？怎么会有这么多的排列呢？我只想坐在v1后面。	c1	3,0,0,0,0,1	[3, 0, 0, 0, 0, 1]	[0, 0, 0, 1, 0, 0, 0, 0, 0, 0, 0, 0, 0, 0, 0, 0, 0, 0, 0, 0, 0, 1, 0, 0]
34135_0065_A_623	B1从屏风后面走出来，坐在椅子上，面向A1，握住A1的手臂：师兄，我要你和我一起唱歌。。。不，让我一辈子和你一起唱歌，不是吗？	b1	3,0,0,0,0,0	[3, 0, 0, 0, 0, 0]	[0, 0, 0, 1, 0, 0, 0, 0, 0, 0, 0, 0, 0, 0, 0, 0, 0, 0, 0, 0, 0, 0, 0, 0]
34135_0065_A_626	B1酒井握着A1的手：不，这是一生！一年，一个月，一天，一小时。。。这不是一生！	b1	3,0,0,0,0,0	[3, 0, 0, 0, 0, 0]	[0, 0, 0, 1, 0, 0, 0, 0, 0, 0, 0, 0, 0, 0, 0, 0, 0, 0, 0, 0, 0, 0, 0, 0]
34135_0092_A_856	A1握住Q2的手，将Q2抬起来。	a1	3,0,0,0,0,0	[3, 0, 0, 0, 0, 0]	[0, 0, 0, 1, 0, 0, 0, 0, 0, 0, 0, 0, 0, 0, 0, 0, 0, 0, 0, 0, 0, 0, 0, 0]
34135_0092_A_857	A1握住Q2的手，将Q2抬起来。	q2	3,0,0,0,0,2	[3, 0, 0, 0, 0, 2]	[0, 0, 0, 1, 0, 0, 0, 0, 0, 0, 0, 0, 0, 0, 0, 0, 0, 0, 0, 0, 0, 0, 1, 0]
34135_0099_A_967	S2:G1，你听到了吗？你也是一个快爸爸！我一直在鬼混，丢了我的东西。。。你将来会给我买什么满月酒？跪近一点。	s2	3,0,0,0,0,0	[3, 0, 0, 0, 0, 0]	[0, 0, 0, 1, 0, 0, 0, 0, 0, 0, 0, 0, 0, 0, 0, 0, 0, 0, 0, 0, 0, 0, 0, 0]
34135_0103_A_999	V2：唱歌和乞讨！也要在角落里！	v2	3,0,0,0,0,0	[3, 0, 0, 0, 0, 0]	[0, 0, 0, 1, 0, 0, 0, 0, 0, 0, 0, 0, 0, 0, 0, 0, 0, 0, 0, 0, 0, 0, 0, 0]
34135_0137_A_1331	谢谢你来看我。没关系。我很好！	b1	3,0,0,0,0,0	[3, 0, 0, 0, 0, 0]	[0, 0, 0, 1, 0, 0, 0, 0, 0, 0, 0, 0, 0, 0, 0, 0, 0, 0, 0, 0, 0, 0, 0, 0]
34135_0137_A_1327	A1坐在床上，给躺在床上的B1喂食。	a1	3,0,0,0,0,0	[3, 0, 0, 0, 0, 0]	[0, 0, 0, 1, 0, 0, 0, 0, 0, 0, 0, 0, 0, 0, 0, 0, 0, 0, 0, 0, 0, 0, 0, 0]
34135_0137_A_1328	A1坐在床上，给躺在床上的B1喂食。	b1	3,0,0,0,0,0	[3, 0, 0, 0, 0, 0]	[0, 0, 0, 1, 0, 0, 0, 0, 0, 0, 0, 0, 0, 0, 0, 0, 0, 0, 0, 0, 0, 0, 0, 0]
34135_0146_A_1459	A1怀中的Q2：我害怕！我梦见自己站在一座被白云环绕的高楼上。我只是想跳，我想跳！	a1	3,0,0,0,0,0	[3, 0, 0, 0, 0, 0]	[0, 0, 0, 1, 0, 0, 0, 0, 0, 0, 0, 0, 0, 0, 0, 0, 0, 0, 0, 0, 0, 0, 0, 0]
34135_0146_A_1461	你跳！我来了！	a1	3,0,0,0,0,0	[3, 0, 0, 0, 0, 0]	[0, 0, 0, 1, 0, 0, 0, 0, 0, 0, 0, 0, 0, 0, 0, 0, 0, 0, 0, 0, 0, 0, 0, 0]
34135_0146_A_1455	Q2笑了笑，拿起酒瓶，吹了吹瓶子，拿着它，走到A1面前，口对口地递给他。	a1	3,0,0,0,0,0	[3, 0, 0, 0, 0, 0]	[0, 0, 0, 1, 0, 0, 0, 0, 0, 0, 0, 0, 0, 0, 0, 0, 0, 0, 0, 0, 0, 0, 0, 0]
34135_0146_A_1456	Q2笑了笑，拿起酒瓶，吹了吹瓶子，拿着它，走到A1面前，口对口地递给他。	q2	3,0,0,0,0,0	[3, 0, 0, 0, 0, 0]	[0, 0, 0, 1, 0, 0, 0, 0, 0, 0, 0, 0, 0, 0, 0, 0, 0, 0, 0, 0, 0, 0, 0, 0]
34135_0146_A_1457	两个人拥抱亲吻。	无角色	3,0,0,0,0,0	[3, 0, 0, 0, 0, 0]	[0, 0, 0, 1, 0, 0, 0, 0, 0, 0, 0, 0, 0, 0, 0, 0, 0, 0, 0, 0, 0, 0, 0, 0]
34135_0146_A_1470	A1握住Q2并躺在床上。	q2	3,0,0,0,0,0	[3, 0, 0, 0, 0, 0]	[0, 0, 0, 1, 0, 0, 0, 0, 0, 0, 0, 0, 0, 0, 0, 0, 0, 0, 0, 0, 0, 0, 0, 0]
34135_0146_A_1465	Q2吻A1。	a1	3,0,0,0,0,0	[3, 0, 0, 0, 0, 0]	[0, 0, 0, 1, 0, 0, 0, 0, 0, 0, 0, 0, 0, 0, 0, 0, 0, 0, 0, 0, 0, 0, 0, 0]
34135_0146_A_1466	Q2吻A1。	q2	3,0,0,0,0,0	[3, 0, 0, 0, 0, 0]	[0, 0, 0, 1, 0, 0, 0, 0, 0, 0, 0, 0, 0, 0, 0, 0, 0, 0, 0, 0, 0, 0, 0, 0]
34135_0146_A_1467	Q2站起来，A1拿起Q2，A1的脸摩擦Q2的胸部。	a1	3,0,0,0,0,0	[3, 0, 0, 0, 0, 0]	[0, 0, 0, 1, 0, 0, 0, 0, 0, 0, 0, 0, 0, 0, 0, 0, 0, 0, 0, 0, 0, 0, 0, 0]
34135_0146_A_1468	Q2站起来，A1拿起Q2，A1的脸摩擦Q2的胸部。	q2	3,0,0,0,0,0	[3, 0, 0, 0, 0, 0]	[0, 0, 0, 1, 0, 0, 0, 0, 0, 0, 0, 0, 0, 0, 0, 0, 0, 0, 0, 0, 0, 0, 0, 0]
34135_0146_A_1469	A1握住Q2并躺在床上。	a1	3,0,0,0,0,0	[3, 0, 0, 0, 0, 0]	[0, 0, 0, 1, 0, 0, 0, 0, 0, 0, 0, 0, 0, 0, 0, 0, 0, 0, 0, 0, 0, 0, 0, 0]
34135_0149_A_1535	Q2冲出去保护A1:O2！	a1	3,0,0,0,0,0	[3, 0, 0, 0, 0, 0]	[0, 0, 0, 1, 0, 0, 0, 0, 0, 0, 0, 0, 0, 0, 0, 0, 0, 0, 0, 0, 0, 0, 0, 0]
34135_0149_A_1536	Q2冲出去保护A1:O2！	q2	3,0,0,0,0,0	[3, 0, 0, 0, 0, 0]	[0, 0, 0, 1, 0, 0, 0, 0, 0, 0, 0, 0, 0, 0, 0, 0, 0, 0, 0, 0, 0, 0, 0, 0]
34135_0149_A_1573	Q2将拯救A1:O2！	q2	3,0,0,0,0,0	[3, 0, 0, 0, 0, 0]	[0, 0, 0, 1, 0, 0, 0, 0, 0, 0, 0, 0, 0, 0, 0, 0, 0, 0, 0, 0, 0, 0, 0, 0]
34162_0006_A_59	哦，我的宝宝很可爱。	c1	3,3,0,0,0,0	[3, 3, 0, 0, 0, 0]	[0, 0, 0, 1, 0, 0, 0, 1, 0, 0, 0, 0, 0, 0, 0, 0, 0, 0, 0, 0, 0, 0, 0, 0]
34162_0006_A_60	E1：好，乖，乖。	e1	3,3,0,0,0,0	[3, 3, 0, 0, 0, 0]	[0, 0, 0, 1, 0, 0, 0, 1, 0, 0, 0, 0, 0, 0, 0, 0, 0, 0, 0, 0, 0, 0, 0, 0]
34162_0006_A_61	啊，亲爸爸（宝贝）。	c1	3,3,0,0,0,0	[3, 3, 0, 0, 0, 0]	[0, 0, 0, 1, 0, 0, 0, 1, 0, 0, 0, 0, 0, 0, 0, 0, 0, 0, 0, 0, 0, 0, 0, 0]
34162_0006_A_62	爸爸，我的孩子长得像我。你应该给孩子起个名字。	b1	3,3,0,0,0,0	[3, 3, 0, 0, 0, 0]	[0, 0, 0, 1, 0, 0, 0, 1, 0, 0, 0, 0, 0, 0, 0, 0, 0, 0, 0, 0, 0, 0, 0, 0]
34162_0006_A_136	F2e1微笑着，f2c1给F2带来食物。	e1	3,2,0,0,0,0	[3, 2, 0, 0, 0, 0]	[0, 0, 0, 1, 0, 0, 1, 0, 0, 0, 0, 0, 0, 0, 0, 0, 0, 0, 0, 0, 0, 0, 0, 0]
34162_0006_A_137	F2e1微笑着，f2c1给F2带来食物。	c1	3,0,0,0,0,0	[3, 0, 0, 0, 0, 0]	[0, 0, 0, 1, 0, 0, 0, 0, 0, 0, 0, 0, 0, 0, 0, 0, 0, 0, 0, 0, 0, 0, 0, 0]
34162_0006_A_139	F2c1（F2的盘子）：添加更多的肋骨。	c1	3,0,0,0,0,0	[3, 0, 0, 0, 0, 0]	[0, 0, 0, 1, 0, 0, 0, 0, 0, 0, 0, 0, 0, 0, 0, 0, 0, 0, 0, 0, 0, 0, 0, 0]
34162_0009_A_174	哎哟，这个婴儿一口牛奶也喝不下。这牛奶怎么样。	c1	3,0,0,0,0,2	[3, 0, 0, 0, 0, 2]	[0, 0, 0, 1, 0, 0, 0, 0, 0, 0, 0, 0, 0, 0, 0, 0, 0, 0, 0, 0, 0, 0, 1, 0]
34162_0018_A_312	E1：好的，我的孙女最喜欢螃蟹。给我一些。	e1	3,0,0,0,0,0	[3, 0, 0, 0, 0, 0]	[0, 0, 0, 1, 0, 0, 0, 0, 0, 0, 0, 0, 0, 0, 0, 0, 0, 0, 0, 0, 0, 0, 0, 0]
34162_0021_A_420	E1画外音：小女孩，穿上你的衣服。如果你感冒了怎么办。	e1	3,0,0,0,0,2	[3, 0, 0, 0, 0, 2]	[0, 0, 0, 1, 0, 0, 0, 0, 0, 0, 0, 0, 0, 0, 0, 0, 0, 0, 0, 0, 0, 0, 1, 0]
34162_0021_A_423	F2站着不动，E1拿着他的衣服和G2走在F2后面。	e1	3,0,0,0,0,0	[3, 0, 0, 0, 0, 0]	[0, 0, 0, 1, 0, 0, 0, 0, 0, 0, 0, 0, 0, 0, 0, 0, 0, 0, 0, 0, 0, 0, 0, 0]
34162_0034_A_663	C1:好的，别说话了（站出来）。	c1	3,0,0,0,0,2	[3, 0, 0, 0, 0, 2]	[0, 0, 0, 1, 0, 0, 0, 0, 0, 0, 0, 0, 0, 0, 0, 0, 0, 0, 0, 0, 0, 0, 1, 0]
34162_0036_A_670	去B1：坐在爸爸的腿上。	b1	3,0,0,0,0,0	[3, 0, 0, 0, 0, 0]	[0, 0, 0, 1, 0, 0, 0, 0, 0, 0, 0, 0, 0, 0, 0, 0, 0, 0, 0, 0, 0, 0, 0, 0]
34162_0036_A_672	B1拉F2，F2坐在B1腿上。	b1	3,0,0,0,0,0	[3, 0, 0, 0, 0, 0]	[0, 0, 0, 1, 0, 0, 0, 0, 0, 0, 0, 0, 0, 0, 0, 0, 0, 0, 0, 0, 0, 0, 0, 0]
34162_0036_A_673	爸爸今天走得太远了。我道歉。你必须原谅爸爸。爸爸最近工作很忙。这让我很烦恼。我晚上都睡不好。你别让爸爸担心。你老了，你的主人。你的牛奶过期了。我打你是因为我爱你。当你长大了，你会明白，（微笑着触摸F2）你什么时候会长大？让爸爸看看是否疼（F2摇摇头），然后说不疼（哭腔），（亲吻F2的手）爸爸疼。（擦脸）爸爸下班后，爸爸会带你去玩。我听说有一个天文展览。你想去吗（F2点头），我带你去（F2耳语），我的宝宝不会哭或生气。你生气了，爸爸感觉不好。要理智。好了（起来），爸爸走了。走，走，听你说。如果你无事可做，就早点睡觉。爸爸走了（开门）。哦，顺便说一下，爱因斯坦已经回来几天了，你不在乎。你应该喂他，是吗？我要走了（触摸F2的头，然后转身关门）。	b1	3,0,0,0,0,2	[3, 0, 0, 0, 0, 2]	[0, 0, 0, 1, 0, 0, 0, 0, 0, 0, 0, 0, 0, 0, 0, 0, 0, 0, 0, 0, 0, 0, 1, 0]
34162_0044_A_749	B1：没关系。唉，我好久都感觉不到了。（笑）噢，我的孩子长大了，懂事了。他不会让他父亲担心的。好吧，让爸爸亲一下。（亲吻F2的额头）。走吧。	b1	3,3,0,0,0,0	[3, 3, 0, 0, 0, 0]	[0, 0, 0, 1, 0, 0, 0, 1, 0, 0, 0, 0, 0, 0, 0, 0, 0, 0, 0, 0, 0, 0, 0, 0]
34162_0044_A_760	F2：（触摸B1肩膀）唱，唱。	f2	3,0,0,0,0,0	[3, 0, 0, 0, 0, 0]	[0, 0, 0, 1, 0, 0, 0, 0, 0, 0, 0, 0, 0, 0, 0, 0, 0, 0, 0, 0, 0, 0, 0, 0]
34162_0048_A_815	E1：很好。多好的孩子啊。	e1	3,1,0,0,0,0	[3, 1, 0, 0, 0, 0]	[0, 0, 0, 1, 0, 1, 0, 0, 0, 0, 0, 0, 0, 0, 0, 0, 0, 0, 0, 0, 0, 0, 0, 0]
34162_0048_A_816	C1：（接受）C1拥抱。给C1打个电话。	c1	3,1,0,0,0,0	[3, 1, 0, 0, 0, 0]	[0, 0, 0, 1, 0, 1, 0, 0, 0, 0, 0, 0, 0, 0, 0, 0, 0, 0, 0, 0, 0, 0, 0, 0]
34162_0048_A_818	J2亲吻C1和F2在人群中大笑。	c1	3,2,0,0,0,0	[3, 2, 0, 0, 0, 0]	[0, 0, 0, 1, 0, 0, 1, 0, 0, 0, 0, 0, 0, 0, 0, 0, 0, 0, 0, 0, 0, 0, 0, 0]
34162_0048_A_831	B1：（抱着J2）爸爸为你唱歌，爸爸为你唱歌。祝你生日快乐。	b1	3,0,0,0,0,0	[3, 0, 0, 0, 0, 0]	[0, 0, 0, 1, 0, 0, 0, 0, 0, 0, 0, 0, 0, 0, 0, 0, 0, 0, 0, 0, 0, 0, 0, 0]
34162_0049_A_842	G2拿着I2，他们转身一起亲吻。G2握住I2，看着I2手臂上的纹身。	g2	3,0,0,0,0,0	[3, 0, 0, 0, 0, 0]	[0, 0, 0, 1, 0, 0, 0, 0, 0, 0, 0, 0, 0, 0, 0, 0, 0, 0, 0, 0, 0, 0, 0, 0]
34162_0049_A_843	G2拿着I2，他们转身一起亲吻。G2握住I2，看着I2手臂上的纹身。	i2	3,0,0,0,0,0	[3, 0, 0, 0, 0, 0]	[0, 0, 0, 1, 0, 0, 0, 0, 0, 0, 0, 0, 0, 0, 0, 0, 0, 0, 0, 0, 0, 0, 0, 0]
34162_0049_A_844	G2：我爱你I2：（停顿）我知道。	g2	3,0,0,0,0,0	[3, 0, 0, 0, 0, 0]	[0, 0, 0, 1, 0, 0, 0, 0, 0, 0, 0, 0, 0, 0, 0, 0, 0, 0, 0, 0, 0, 0, 0, 0]
34162_0049_A_845	G2：（拖动I2）跳舞，和我跳舞。	g2	3,0,0,0,0,0	[3, 0, 0, 0, 0, 0]	[0, 0, 0, 1, 0, 0, 0, 0, 0, 0, 0, 0, 0, 0, 0, 0, 0, 0, 0, 0, 0, 0, 0, 0]
34162_0049_A_846	两个人在舞池里漫不经心地跳舞。站着看G2跳跃。把手放在脖子上。	g2	3,0,0,0,0,0	[3, 0, 0, 0, 0, 0]	[0, 0, 0, 1, 0, 0, 0, 0, 0, 0, 0, 0, 0, 0, 0, 0, 0, 0, 0, 0, 0, 0, 0, 0]
34162_0049_A_847	两个人在舞池里漫不经心地跳舞。站着看G2跳跃。把手放在脖子上。	i2	3,0,0,0,0,0	[3, 0, 0, 0, 0, 0]	[0, 0, 0, 1, 0, 0, 0, 0, 0, 0, 0, 0, 0, 0, 0, 0, 0, 0, 0, 0, 0, 0, 0, 0]
34162_0055_A_1080	F2b1想继续试着把狗放好。那条狗在角落里缩了缩，吠叫起来。拉开B1，B1看着她，向后站着。向前走，狗突然安静下来。慢慢地试探性地伸出手去触摸狗，B1紧张地将垃圾桶放在后面。痛苦地抚摸小狗，小狗安静下来。	f2	3,0,0,0,0,0	[3, 0, 0, 0, 0, 0]	[0, 0, 0, 1, 0, 0, 0, 0, 0, 0, 0, 0, 0, 0, 0, 0, 0, 0, 0, 0, 0, 0, 0, 0]
34162_0055_A_1082	（哭）爱因斯坦，不要害怕。	f2	3,0,0,0,0,3	[3, 0, 0, 0, 0, 3]	[0, 0, 0, 1, 0, 0, 0, 0, 0, 0, 0, 0, 0, 0, 0, 0, 0, 0, 0, 0, 0, 0, 0, 1]
34162_0056_A_1083	F2在床上睡觉，而爱因斯坦，这只狗，安静地睡在F2的枕头旁边。	f2	3,0,0,0,0,0	[3, 0, 0, 0, 0, 0]	[0, 0, 0, 1, 0, 0, 0, 0, 0, 0, 0, 0, 0, 0, 0, 0, 0, 0, 0, 0, 0, 0, 0, 0]
34162_0058_A_1114	F2c1：宝贝好，哦，宝贝别哭，别哭好，哦J2：杀了它，我想吃火锅。	c1	3,0,0,0,0,1	[3, 0, 0, 0, 0, 1]	[0, 0, 0, 1, 0, 0, 0, 0, 0, 0, 0, 0, 0, 0, 0, 0, 0, 0, 0, 0, 0, 1, 0, 0]
34162_0069_A_1216	我喜欢你。我不想和你分开。	i2	3,0,0,0,0,0	[3, 0, 0, 0, 0, 0]	[0, 0, 0, 1, 0, 0, 0, 0, 0, 0, 0, 0, 0, 0, 0, 0, 0, 0, 0, 0, 0, 0, 0, 0]
34162_0069_A_1218	F2对I2微笑着走开了。	i2	3,0,0,0,0,0	[3, 0, 0, 0, 0, 0]	[0, 0, 0, 1, 0, 0, 0, 0, 0, 0, 0, 0, 0, 0, 0, 0, 0, 0, 0, 0, 0, 0, 0, 0]
34162_0074_A_1311	你是我父亲的骄傲。你太骄傲了。来吧，让爸爸再亲一个。	b1	3,2,0,0,0,0	[3, 2, 0, 0, 0, 0]	[0, 0, 0, 1, 0, 0, 1, 0, 0, 0, 0, 0, 0, 0, 0, 0, 0, 0, 0, 0, 0, 0, 0, 0]
34162_0074_A_1313	亲吻F2的头并唱歌。	b1	3,3,0,0,0,0	[3, 3, 0, 0, 0, 0]	[0, 0, 0, 1, 0, 0, 0, 1, 0, 0, 0, 0, 0, 0, 0, 0, 0, 0, 0, 0, 0, 0, 0, 0]
34173_0028_A_187	在办公室，O3：我决不允许更多的员工冒生命危险。	o3	3,0,0,0,0,0	[3, 0, 0, 0, 0, 0]	[0, 0, 0, 1, 0, 0, 0, 0, 0, 0, 0, 0, 0, 0, 0, 0, 0, 0, 0, 0, 0, 0, 0, 0]
34173_0028_A_188	T2：总有比生命更重要的东西。	t2	3,0,0,0,0,0	[3, 0, 0, 0, 0, 0]	[0, 0, 0, 1, 0, 0, 0, 0, 0, 0, 0, 0, 0, 0, 0, 0, 0, 0, 0, 0, 0, 0, 0, 0]
34173_0077_A_819	Z2伸出拳头，U2碰了碰他，然后拿起他旁边的头盔戴上。	u2	3,0,0,0,0,0	[3, 0, 0, 0, 0, 0]	[0, 0, 0, 1, 0, 0, 0, 0, 0, 0, 0, 0, 0, 0, 0, 0, 0, 0, 0, 0, 0, 0, 0, 0]
34173_0077_A_820	Z2伸出拳头，U2碰了碰他，然后拿起他旁边的头盔戴上。	z2	3,0,0,0,0,0	[3, 0, 0, 0, 0, 0]	[0, 0, 0, 1, 0, 0, 0, 0, 0, 0, 0, 0, 0, 0, 0, 0, 0, 0, 0, 0, 0, 0, 0, 0]
34173_0100_A_1097	这三名男子安全抵达停车场附近，躲在地堡里，脱下防弹背心，扔了出去：wear	v2	3,0,0,0,2,0	[3, 0, 0, 0, 2, 0]	[0, 0, 0, 1, 0, 0, 0, 0, 0, 0, 0, 0, 0, 0, 0, 0, 0, 0, 1, 0, 0, 0, 0, 0]
34173_0124_A_1284	B3走过来，脱下防弹背心对V2说：你比我更需要它。	b3	3,0,0,0,3,0	[3, 0, 0, 0, 3, 0]	[0, 0, 0, 1, 0, 0, 0, 0, 0, 0, 0, 0, 0, 0, 0, 0, 0, 0, 0, 1, 0, 0, 0, 0]
34173_0124_A_1302	V2从口袋里掏出糖塞进Y2的嘴里：吃糖，吃糖，你说它不疼。甜心，甜心，我们回去吧	v2	3,0,0,0,0,3	[3, 0, 0, 0, 0, 3]	[0, 0, 0, 1, 0, 0, 0, 0, 0, 0, 0, 0, 0, 0, 0, 0, 0, 0, 0, 0, 0, 0, 0, 1]
34173_0128_A_1381	在另一架飞机上，B3：谢谢你，杨机长。	b3	3,0,0,0,0,2	[3, 0, 0, 0, 0, 2]	[0, 0, 0, 1, 0, 0, 0, 0, 0, 0, 0, 0, 0, 0, 0, 0, 0, 0, 0, 0, 0, 0, 1, 0]
34173_0131_A_1393	R2看着这三个人。他们伸出双手，把它们堆在一起。与此同时，他们高呼：强者无敌。	r2	3,0,0,0,0,0	[3, 0, 0, 0, 0, 0]	[0, 0, 0, 1, 0, 0, 0, 0, 0, 0, 0, 0, 0, 0, 0, 0, 0, 0, 0, 0, 0, 0, 0, 0]
34311_0038_A_652	I2看着J2：这是我小时候第一次有人陪我踢毽子。我很兴奋。真有趣。	i2	3,3,0,0,0,0	[3, 3, 0, 0, 0, 0]	[0, 0, 0, 1, 0, 0, 0, 1, 0, 0, 0, 0, 0, 0, 0, 0, 0, 0, 0, 0, 0, 0, 0, 0]
34311_0038_A_653	I2看着J2：这是我小时候第一次有人陪我踢毽子。我很兴奋。真有趣。	j2	3,3,0,0,0,0	[3, 3, 0, 0, 0, 0]	[0, 0, 0, 1, 0, 0, 0, 1, 0, 0, 0, 0, 0, 0, 0, 0, 0, 0, 0, 0, 0, 0, 0, 0]
34311_0038_A_655	我们是朋友。如果你将来想踢毽子，你可以随时来找我。只要你听到海螺声，我就会在千里之外遇见你。顺便问一下，我叫J2，你呢？	j2	3,0,0,0,0,0	[3, 0, 0, 0, 0, 0]	[0, 0, 0, 1, 0, 0, 0, 0, 0, 0, 0, 0, 0, 0, 0, 0, 0, 0, 0, 0, 0, 0, 0, 0]
34311_0038_A_656	双手捧着海螺：我的名字叫I2。	i2	3,0,0,0,0,0	[3, 0, 0, 0, 0, 0]	[0, 0, 0, 1, 0, 0, 0, 0, 0, 0, 0, 0, 0, 0, 0, 0, 0, 0, 0, 0, 0, 0, 0, 0]
34311_0038_A_697	看你手上的M2粘液。	l2	3,0,0,0,0,2	[3, 0, 0, 0, 0, 2]	[0, 0, 0, 1, 0, 0, 0, 0, 0, 0, 0, 0, 0, 0, 0, 0, 0, 0, 0, 0, 0, 0, 1, 0]
34311_0041_A_751	L2：我在陈塘关当了这么多年的大兵。我还是有点友好。我挨家挨户磕头，请大家来。别担心。	l2	3,0,0,0,0,0	[3, 0, 0, 0, 0, 0]	[0, 0, 0, 1, 0, 0, 0, 0, 0, 0, 0, 0, 0, 0, 0, 0, 0, 0, 0, 0, 0, 0, 0, 0]
34311_0042_A_763	I2:你会来吗？	i2	3,0,0,0,0,0	[3, 0, 0, 0, 0, 0]	[0, 0, 0, 1, 0, 0, 0, 0, 0, 0, 0, 0, 0, 0, 0, 0, 0, 0, 0, 0, 0, 0, 0, 0]
34311_0042_A_772	I2走开，转身：别忘了！	i2	3,0,0,0,0,0	[3, 0, 0, 0, 0, 0]	[0, 0, 0, 1, 0, 0, 0, 0, 0, 0, 0, 0, 0, 0, 0, 0, 0, 0, 0, 0, 0, 0, 0, 0]
34311_0042_A_773	J2：我明白了。	j2	3,0,0,0,0,0	[3, 0, 0, 0, 0, 0]	[0, 0, 0, 1, 0, 0, 0, 0, 0, 0, 0, 0, 0, 0, 0, 0, 0, 0, 0, 0, 0, 0, 0, 0]
34311_0042_A_765	I2：别人不来也没关系，你做不到。	i2	3,0,0,0,0,0	[3, 0, 0, 0, 0, 0]	[0, 0, 0, 1, 0, 0, 0, 0, 0, 0, 0, 0, 0, 0, 0, 0, 0, 0, 0, 0, 0, 0, 0, 0]
34311_0042_A_769	I2：愿望？我的愿望是你能来参加我的生日聚会。	i2	3,0,0,0,0,0	[3, 0, 0, 0, 0, 0]	[0, 0, 0, 1, 0, 0, 0, 0, 0, 0, 0, 0, 0, 0, 0, 0, 0, 0, 0, 0, 0, 0, 0, 0]
34311_0042_A_770	J2：好的。	j2	3,0,0,0,0,0	[3, 0, 0, 0, 0, 0]	[0, 0, 0, 1, 0, 0, 0, 0, 0, 0, 0, 0, 0, 0, 0, 0, 0, 0, 0, 0, 0, 0, 0, 0]
34311_0042_A_771	I2：成交。我会等你。	i2	3,0,0,0,0,0	[3, 0, 0, 0, 0, 0]	[0, 0, 0, 1, 0, 0, 0, 0, 0, 0, 0, 0, 0, 0, 0, 0, 0, 0, 0, 0, 0, 0, 0, 0]
34311_0042_A_767	I2：因为你是我唯一的朋友。	i2	3,0,0,0,0,0	[3, 0, 0, 0, 0, 0]	[0, 0, 0, 1, 0, 0, 0, 0, 0, 0, 0, 0, 0, 0, 0, 0, 0, 0, 0, 0, 0, 0, 0, 0]
34311_0042_A_768	J2：你也是我唯一的朋友。你有什么愿望吗？你救了我的命，我会尽力为你完成。	j2	3,0,0,0,0,0	[3, 0, 0, 0, 0, 0]	[0, 0, 0, 1, 0, 0, 0, 0, 0, 0, 0, 0, 0, 0, 0, 0, 0, 0, 0, 0, 0, 0, 0, 0]
34311_0047_A_833	L1:嘿，在这个快乐的日子里你在说什么？来吧，爸爸，给你一个和平咒语来祝福你。	l2	3,0,0,0,0,0	[3, 0, 0, 0, 0, 0]	[0, 0, 0, 1, 0, 0, 0, 0, 0, 0, 0, 0, 0, 0, 0, 0, 0, 0, 0, 0, 0, 0, 0, 0]
34311_0047_A_834	腰上系一个祝福袋。	i2	3,0,0,0,0,0	[3, 0, 0, 0, 0, 0]	[0, 0, 0, 1, 0, 0, 0, 0, 0, 0, 0, 0, 0, 0, 0, 0, 0, 0, 0, 0, 0, 0, 0, 0]
34311_0047_A_835	腰上系一个祝福袋。	l2	3,0,0,0,0,0	[3, 0, 0, 0, 0, 0]	[0, 0, 0, 1, 0, 0, 0, 0, 0, 0, 0, 0, 0, 0, 0, 0, 0, 0, 0, 0, 0, 0, 0, 0]
34311_0047_A_836	L2：爸爸对你一直很严格。我知道你很生气，但爸爸别无选择。儿子，你还有很长的路要走。不要在意别人的意见。只有你才能决定你是谁。永不放弃。	l2	3,0,0,0,0,0	[3, 0, 0, 0, 0, 0]	[0, 0, 0, 1, 0, 0, 0, 0, 0, 0, 0, 0, 0, 0, 0, 0, 0, 0, 0, 0, 0, 0, 0, 0]
34311_0053_A_976	L2：我决定用我的生命换一个。请对我妻子保密。	l2	3,0,0,0,0,0	[3, 0, 0, 0, 0, 0]	[0, 0, 0, 1, 0, 0, 0, 0, 0, 0, 0, 0, 0, 0, 0, 0, 0, 0, 0, 0, 0, 0, 0, 0]
34311_0053_A_977	L2：我会用剩下的两年时间引导他走上正确的道路，让他得到全世界的认可。	l2	3,0,0,0,0,0	[3, 0, 0, 0, 0, 0]	[0, 0, 0, 1, 0, 0, 0, 0, 0, 0, 0, 0, 0, 0, 0, 0, 0, 0, 0, 0, 0, 0, 0, 0]
34311_0053_A_978	L2：如果仙女不允许，我会和I2一起进退，以防自然灾害。	l2	3,0,0,0,0,0	[3, 0, 0, 0, 0, 0]	[0, 0, 0, 1, 0, 0, 0, 0, 0, 0, 0, 0, 0, 0, 0, 0, 0, 0, 0, 0, 0, 0, 0, 0]
34311_0053_A_981	这时，我看着朦胧的父亲说这句话，心里充满了激动。	i2	3,0,0,0,0,0	[3, 0, 0, 0, 0, 0]	[0, 0, 0, 1, 0, 0, 0, 0, 0, 0, 0, 0, 0, 0, 0, 0, 0, 0, 0, 0, 0, 0, 0, 0]
34311_0055_A_991	我抱着李太太。	l2	3,0,0,0,0,0	[3, 0, 0, 0, 0, 0]	[0, 0, 0, 1, 0, 0, 0, 0, 0, 0, 0, 0, 0, 0, 0, 0, 0, 0, 0, 0, 0, 0, 0, 0]
34311_0060_A_1125	I2看到了这一趋势，急忙牺牲自己的生命，被父母阻止了。	i2	3,0,0,0,0,0	[3, 0, 0, 0, 0, 0]	[0, 0, 0, 1, 0, 0, 0, 0, 0, 0, 0, 0, 0, 0, 0, 0, 0, 0, 0, 0, 0, 0, 0, 0]
34311_0060_A_1129	L2。李太太拿起I2:查耳。	l2	3,0,0,0,0,3	[3, 0, 0, 0, 0, 3]	[0, 0, 0, 1, 0, 0, 0, 0, 0, 0, 0, 0, 0, 0, 0, 0, 0, 0, 0, 0, 0, 0, 0, 1]
34311_0065_A_1160	我说过，你是我唯一的朋友。	i2	3,0,0,0,0,0	[3, 0, 0, 0, 0, 0]	[0, 0, 0, 1, 0, 0, 0, 0, 0, 0, 0, 0, 0, 0, 0, 0, 0, 0, 0, 0, 0, 0, 0, 0]
34311_0066_A_1172	I2伸出手，亨天玲捆绑了L2和李太太。	i2	3,0,0,0,0,0	[3, 0, 0, 0, 0, 0]	[0, 0, 0, 1, 0, 0, 0, 0, 0, 0, 0, 0, 0, 0, 0, 0, 0, 0, 0, 0, 0, 0, 0, 0]
34311_0066_A_1173	I2伸出手，亨天玲捆绑了L2和李太太。	l2	3,0,0,0,0,0	[3, 0, 0, 0, 0, 0]	[0, 0, 0, 1, 0, 0, 0, 0, 0, 0, 0, 0, 0, 0, 0, 0, 0, 0, 0, 0, 0, 0, 0, 0]
34311_0066_A_1183	我转过身看着他的父母：爸爸，妈妈，谢谢。	i2	3,0,0,0,0,0	[3, 0, 0, 0, 0, 0]	[0, 0, 0, 1, 0, 0, 0, 0, 0, 0, 0, 0, 0, 0, 0, 0, 0, 0, 0, 0, 0, 0, 0, 0]
34311_0066_A_1184	我跪下来向他们磕头。	i2	3,0,0,0,0,0	[3, 0, 0, 0, 0, 0]	[0, 0, 0, 1, 0, 0, 0, 0, 0, 0, 0, 0, 0, 0, 0, 0, 0, 0, 0, 0, 0, 0, 0, 0]
34311_0071_A_1210	J2：不愚蠢。谁和你交朋友！	j2	3,0,0,0,0,0	[3, 0, 0, 0, 0, 0]	[0, 0, 0, 1, 0, 0, 0, 0, 0, 0, 0, 0, 0, 0, 0, 0, 0, 0, 0, 0, 0, 0, 0, 0]
34311_0071_A_1212	I2笑了，向J2伸出了手。	j2	3,0,0,0,0,0	[3, 0, 0, 0, 0, 0]	[0, 0, 0, 1, 0, 0, 0, 0, 0, 0, 0, 0, 0, 0, 0, 0, 0, 0, 0, 0, 0, 0, 0, 0]
34311_0071_A_1213	伸出手来。	j2	3,0,0,0,0,0	[3, 0, 0, 0, 0, 0]	[0, 0, 0, 1, 0, 0, 0, 0, 0, 0, 0, 0, 0, 0, 0, 0, 0, 0, 0, 0, 0, 0, 0, 0]
34311_0071_A_1211	I2笑了，向J2伸出了手。	i2	3,3,0,0,0,0	[3, 3, 0, 0, 0, 0]	[0, 0, 0, 1, 0, 0, 0, 1, 0, 0, 0, 0, 0, 0, 0, 0, 0, 0, 0, 0, 0, 0, 0, 0]
34311_0071_A_1214	I2和J2手牵手。	i2	3,0,0,0,0,0	[3, 0, 0, 0, 0, 0]	[0, 0, 0, 1, 0, 0, 0, 0, 0, 0, 0, 0, 0, 0, 0, 0, 0, 0, 0, 0, 0, 0, 0, 0]
34311_0071_A_1209	I2看J2：这是一种没有意义的生活。你真傻！	j2	3,0,0,0,0,0	[3, 0, 0, 0, 0, 0]	[0, 0, 0, 1, 0, 0, 0, 0, 0, 0, 0, 0, 0, 0, 0, 0, 0, 0, 0, 0, 0, 0, 0, 0]
34311_0071_A_1215	I2和J2手牵手。	j2	3,0,0,0,0,0	[3, 0, 0, 0, 0, 0]	[0, 0, 0, 1, 0, 0, 0, 0, 0, 0, 0, 0, 0, 0, 0, 0, 0, 0, 0, 0, 0, 0, 0, 0]
34313_0059_A_645	说这些话完全是一时冲动的决定。当我说的时候，我觉得语言是危险的。A1的眼睛惊讶、固执、渴望。	a1	3,0,3,0,0,0	[3, 0, 3, 0, 0, 0]	[0, 0, 0, 1, 0, 0, 0, 0, 0, 0, 0, 1, 0, 0, 0, 0, 0, 0, 0, 0, 0, 0, 0, 0]
34313_0059_A_649	眼泪几乎流了下来。她不能这样被接受，更不用说黎明了。	a1	3,0,0,0,0,2	[3, 0, 0, 0, 0, 2]	[0, 0, 0, 1, 0, 0, 0, 0, 0, 0, 0, 0, 0, 0, 0, 0, 0, 0, 0, 0, 0, 0, 1, 0]
34313_0062_A_717	F1在腰部握住A1。	a1	3,0,0,0,0,0	[3, 0, 0, 0, 0, 0]	[0, 0, 0, 1, 0, 0, 0, 0, 0, 0, 0, 0, 0, 0, 0, 0, 0, 0, 0, 0, 0, 0, 0, 0]
34313_0062_A_718	F1在腰部握住A1。	f1	3,0,0,0,0,0	[3, 0, 0, 0, 0, 0]	[0, 0, 0, 1, 0, 0, 0, 0, 0, 0, 0, 0, 0, 0, 0, 0, 0, 0, 0, 0, 0, 0, 0, 0]
34313_0062_A_723	A1转身在F1的手臂上躺了一会儿。	a1	3,0,0,0,0,0	[3, 0, 0, 0, 0, 0]	[0, 0, 0, 1, 0, 0, 0, 0, 0, 0, 0, 0, 0, 0, 0, 0, 0, 0, 0, 0, 0, 0, 0, 0]
34313_0062_A_724	A1转身在F1的手臂上躺了一会儿。	f1	3,0,0,0,0,0	[3, 0, 0, 0, 0, 0]	[0, 0, 0, 1, 0, 0, 0, 0, 0, 0, 0, 0, 0, 0, 0, 0, 0, 0, 0, 0, 0, 0, 0, 0]
34313_0075_A_861	他摸了摸他的胸部。首先他很生气，他们扭打起来。最后，他把A1打倒在地，A1挣扎着，欲望的爆发取代了争斗。	a1	3,0,0,0,0,0	[3, 0, 0, 0, 0, 0]	[0, 0, 0, 1, 0, 0, 0, 0, 0, 0, 0, 0, 0, 0, 0, 0, 0, 0, 0, 0, 0, 0, 0, 0]
34313_0075_A_862	他摸了摸他的胸部。首先他很生气，他们扭打起来。最后，他把A1打倒在地，A1挣扎着，欲望的爆发取代了争斗。	f1	3,0,0,2,0,0	[3, 0, 0, 2, 0, 0]	[0, 0, 0, 1, 0, 0, 0, 0, 0, 0, 0, 0, 0, 0, 1, 0, 0, 0, 0, 0, 0, 0, 0, 0]
34313_0076_A_863	A1紧紧抓住F1的腰部。他们一起骑马，在沙漠上疾驰。	a1	3,0,0,0,0,0	[3, 0, 0, 0, 0, 0]	[0, 0, 0, 1, 0, 0, 0, 0, 0, 0, 0, 0, 0, 0, 0, 0, 0, 0, 0, 0, 0, 0, 0, 0]
34313_0076_A_864	A1紧紧抓住F1的腰部。他们一起骑马，在沙漠上疾驰。	f1	3,0,0,0,0,0	[3, 0, 0, 0, 0, 0]	[0, 0, 0, 1, 0, 0, 0, 0, 0, 0, 0, 0, 0, 0, 0, 0, 0, 0, 0, 0, 0, 0, 0, 0]
34313_0077_A_865	晚上，F1和A1在沙丘上逗留后躺在一起。	a1	3,0,0,0,0,0	[3, 0, 0, 0, 0, 0]	[0, 0, 0, 1, 0, 0, 0, 0, 0, 0, 0, 0, 0, 0, 0, 0, 0, 0, 0, 0, 0, 0, 0, 0]
34313_0077_A_866	晚上，F1和A1在沙丘上逗留后躺在一起。	f1	3,0,0,0,0,0	[3, 0, 0, 0, 0, 0]	[0, 0, 0, 1, 0, 0, 0, 0, 0, 0, 0, 0, 0, 0, 0, 0, 0, 0, 0, 0, 0, 0, 0, 0]
34313_0077_A_872	F1：我是一个男人，（看着A1），我发现了最亮的星星。	f1	3,0,0,0,0,0	[3, 0, 0, 0, 0, 0]	[0, 0, 0, 1, 0, 0, 0, 0, 0, 0, 0, 0, 0, 0, 0, 0, 0, 0, 0, 0, 0, 0, 0, 0]
34313_0080_A_894	A1:你应该为我加油，这样我们才能希望将来能在一起。	a1	3,0,0,0,0,0	[3, 0, 0, 0, 0, 0]	[0, 0, 0, 1, 0, 0, 0, 0, 0, 0, 0, 0, 0, 0, 0, 0, 0, 0, 0, 0, 0, 0, 0, 0]
34313_0082_A_902	F1：我会找到你的。你等我。当我找到你，你就会嫁给我。我的心是真实的，我的心永远是真实的。在我们找到你的那天之后，我们将永远在一起。	f1	3,0,0,0,0,2	[3, 0, 0, 0, 0, 2]	[0, 0, 0, 1, 0, 0, 0, 0, 0, 0, 0, 0, 0, 0, 0, 0, 0, 0, 0, 0, 0, 0, 1, 0]
34313_0082_A_903	A1听着哭着，他们紧紧地拥抱在一起。	a1	3,0,0,0,0,3	[3, 0, 0, 0, 0, 3]	[0, 0, 0, 1, 0, 0, 0, 0, 0, 0, 0, 0, 0, 0, 0, 0, 0, 0, 0, 0, 0, 0, 0, 1]
34313_0083_A_904	A1的马站在门外。A1转向F1并与他吻别。她从头发上取下玉梳，塞进F1赛车手上。	a1	3,0,0,0,0,3	[3, 0, 0, 0, 0, 3]	[0, 0, 0, 1, 0, 0, 0, 0, 0, 0, 0, 0, 0, 0, 0, 0, 0, 0, 0, 0, 0, 0, 0, 1]
34313_0083_A_905	A1的马站在门外。A1转向F1并与他吻别。她从头发上取下玉梳，塞进F1赛车手上。	f1	3,0,0,0,0,3	[3, 0, 0, 0, 0, 3]	[0, 0, 0, 1, 0, 0, 0, 0, 0, 0, 0, 0, 0, 0, 0, 0, 0, 0, 0, 0, 0, 0, 0, 1]
34313_0086_A_922	E1从高处跳下，亲吻G1。	e1	3,0,0,0,0,0	[3, 0, 0, 0, 0, 0]	[0, 0, 0, 1, 0, 0, 0, 0, 0, 0, 0, 0, 0, 0, 0, 0, 0, 0, 0, 0, 0, 0, 0, 0]
34313_0086_A_923	E1从高处跳下，亲吻G1。	g1	3,0,0,0,0,0	[3, 0, 0, 0, 0, 0]	[0, 0, 0, 1, 0, 0, 0, 0, 0, 0, 0, 0, 0, 0, 0, 0, 0, 0, 0, 0, 0, 0, 0, 0]
34313_0086_A_924	E1：我最多只能买一顶红帽子。	e1	3,0,0,0,0,0	[3, 0, 0, 0, 0, 0]	[0, 0, 0, 1, 0, 0, 0, 0, 0, 0, 0, 0, 0, 0, 0, 0, 0, 0, 0, 0, 0, 0, 0, 0]
34313_0116_A_1356	b1:n2	b1	3,0,0,0,0,3	[3, 0, 0, 0, 0, 3]	[0, 0, 0, 1, 0, 0, 0, 0, 0, 0, 0, 0, 0, 0, 0, 0, 0, 0, 0, 0, 0, 0, 0, 1]
34313_0118_A_1389	B1：（哭）我答应过！	b1	3,0,0,0,0,3	[3, 0, 0, 0, 0, 3]	[0, 0, 0, 1, 0, 0, 0, 0, 0, 0, 0, 0, 0, 0, 0, 0, 0, 0, 0, 0, 0, 0, 0, 1]
34313_0118_A_1387	B1:N2，等一下！	b1	3,0,0,0,0,2	[3, 0, 0, 0, 0, 2]	[0, 0, 0, 1, 0, 0, 0, 0, 0, 0, 0, 0, 0, 0, 0, 0, 0, 0, 0, 0, 0, 0, 1, 0]
34313_0123_A_1414	F1：（闭上眼睛）回新疆去！	f1	3,0,0,0,0,0	[3, 0, 0, 0, 0, 0]	[0, 0, 0, 1, 0, 0, 0, 0, 0, 0, 0, 0, 0, 0, 0, 0, 0, 0, 0, 0, 0, 0, 0, 0]
34314_0012_A_307	儿子，你是我的骄傲。	b1	3,0,0,0,0,0	[3, 0, 0, 0, 0, 0]	[0, 0, 0, 1, 0, 0, 0, 0, 0, 0, 0, 0, 0, 0, 0, 0, 0, 0, 0, 0, 0, 0, 0, 0]
34314_0055_A_977	H1笑着说：当然，我爱她。这就是爱。	h1	3,2,0,0,0,0	[3, 2, 0, 0, 0, 0]	[0, 0, 0, 1, 0, 0, 1, 0, 0, 0, 0, 0, 0, 0, 0, 0, 0, 0, 0, 0, 0, 0, 0, 0]
34314_0059_A_1045	H1张开双臂：我的儿子。	h1	3,2,0,0,0,0	[3, 2, 0, 0, 0, 0]	[0, 0, 0, 1, 0, 0, 1, 0, 0, 0, 0, 0, 0, 0, 0, 0, 0, 0, 0, 0, 0, 0, 0, 0]
34314_0059_A_1048	他带儿子去了餐馆。	h1	3,0,0,0,0,0	[3, 0, 0, 0, 0, 0]	[0, 0, 0, 1, 0, 0, 0, 0, 0, 0, 0, 0, 0, 0, 0, 0, 0, 0, 0, 0, 0, 0, 0, 0]
34314_0063_A_1110	H1手里拿着对讲机，非常高兴地听儿子讲话。	h1	3,3,0,0,0,0	[3, 3, 0, 0, 0, 0]	[0, 0, 0, 1, 0, 0, 0, 1, 0, 0, 0, 0, 0, 0, 0, 0, 0, 0, 0, 0, 0, 0, 0, 0]
34314_0063_A_1112	H1：是的，完毕。现在你姐姐的嘴像鸭子。他的脸很臭。结束	h1	3,0,0,0,0,0	[3, 0, 0, 0, 0, 0]	[0, 0, 0, 1, 0, 0, 0, 0, 0, 0, 0, 0, 0, 0, 0, 0, 0, 0, 0, 0, 0, 0, 0, 0]
34314_0072_A_1174	爸爸，我给你做一个。	a1	3,0,0,0,0,0	[3, 0, 0, 0, 0, 0]	[0, 0, 0, 1, 0, 0, 0, 0, 0, 0, 0, 0, 0, 0, 0, 0, 0, 0, 0, 0, 0, 0, 0, 0]
34314_0079_A_1331	O 2画外音：丈夫！我是来看你的，丈夫！	o2	3,0,0,0,0,3	[3, 0, 0, 0, 0, 3]	[0, 0, 0, 1, 0, 0, 0, 0, 0, 0, 0, 0, 0, 0, 0, 0, 0, 0, 0, 0, 0, 0, 0, 1]
34314_0080_A_1336	她跪在丈夫身边，从包里拿出一瓶牛奶喂给丈夫。	o2	3,0,0,0,0,3	[3, 0, 0, 0, 0, 3]	[0, 0, 0, 1, 0, 0, 0, 0, 0, 0, 0, 0, 0, 0, 0, 0, 0, 0, 0, 0, 0, 0, 0, 1]
34314_0080_A_1340	我喂我丈夫牛奶。	o2	3,0,0,0,0,2	[3, 0, 0, 0, 0, 2]	[0, 0, 0, 1, 0, 0, 0, 0, 0, 0, 0, 0, 0, 0, 0, 0, 0, 0, 0, 0, 0, 0, 1, 0]
34314_0080_A_1337	I1：给你，妻子。我说，我很好。	i1	3,0,0,0,0,2	[3, 0, 0, 0, 0, 2]	[0, 0, 0, 1, 0, 0, 0, 0, 0, 0, 0, 0, 0, 0, 0, 0, 0, 0, 0, 0, 0, 0, 1, 0]
34314_0091_A_1709	C1站在客厅的落地窗前：S2，快进来。现在几点了？	c1	3,0,0,0,0,0	[3, 0, 0, 0, 0, 0]	[0, 0, 0, 1, 0, 0, 0, 0, 0, 0, 0, 0, 0, 0, 0, 0, 0, 0, 0, 0, 0, 0, 0, 0]
34314_0091_A_1708	H1笑了：臭小子，他到底在干什么？	h1	3,2,0,0,0,0	[3, 2, 0, 0, 0, 0]	[0, 0, 0, 1, 0, 0, 1, 0, 0, 0, 0, 0, 0, 0, 0, 0, 0, 0, 0, 0, 0, 0, 0, 0]
34314_0091_A_1737	H1：爸爸总是在这里待命。结束	h1	3,0,0,0,0,0	[3, 0, 0, 0, 0, 0]	[0, 0, 0, 1, 0, 0, 0, 0, 0, 0, 0, 0, 0, 0, 0, 0, 0, 0, 0, 0, 0, 0, 0, 0]
34314_0091_A_1744	C1点点头：是的，这更让人放心。	c1	3,0,0,0,0,0	[3, 0, 0, 0, 0, 0]	[0, 0, 0, 1, 0, 0, 0, 0, 0, 0, 0, 0, 0, 0, 0, 0, 0, 0, 0, 0, 0, 0, 0, 0]
34314_0091_A_1747	H1躺在沙发上：这个男孩真的很可爱。	h1	3,0,0,0,0,0	[3, 0, 0, 0, 0, 0]	[0, 0, 0, 1, 0, 0, 0, 0, 0, 0, 0, 0, 0, 0, 0, 0, 0, 0, 0, 0, 0, 0, 0, 0]
34314_0091_A_1746	让我们看S2睡眠。	c1	3,0,0,0,0,0	[3, 0, 0, 0, 0, 0]	[0, 0, 0, 1, 0, 0, 0, 0, 0, 0, 0, 0, 0, 0, 0, 0, 0, 0, 0, 0, 0, 0, 0, 0]
34314_0091_A_1753	C1躺在沙发上，在H1的怀里。	c1	3,0,0,0,0,0	[3, 0, 0, 0, 0, 0]	[0, 0, 0, 1, 0, 0, 0, 0, 0, 0, 0, 0, 0, 0, 0, 0, 0, 0, 0, 0, 0, 0, 0, 0]
34314_0091_A_1754	C1躺在沙发上，在H1的怀里。	h1	3,0,0,0,0,0	[3, 0, 0, 0, 0, 0]	[0, 0, 0, 1, 0, 0, 0, 0, 0, 0, 0, 0, 0, 0, 0, 0, 0, 0, 0, 0, 0, 0, 0, 0]
34314_0091_A_1773	H1打开C1的按钮并轻抚它。	h1	3,0,0,0,0,0	[3, 0, 0, 0, 0, 0]	[0, 0, 0, 1, 0, 0, 0, 0, 0, 0, 0, 0, 0, 0, 0, 0, 0, 0, 0, 0, 0, 0, 0, 0]
34314_0091_A_1767	在沙发上，H1穿过衣服触摸C1的胸部。	c1	3,0,0,0,0,0	[3, 0, 0, 0, 0, 0]	[0, 0, 0, 1, 0, 0, 0, 0, 0, 0, 0, 0, 0, 0, 0, 0, 0, 0, 0, 0, 0, 0, 0, 0]
34314_0091_A_1768	在沙发上，H1穿过衣服触摸C1的胸部。	h1	3,0,0,0,0,0	[3, 0, 0, 0, 0, 0]	[0, 0, 0, 1, 0, 0, 0, 0, 0, 0, 0, 0, 0, 0, 0, 0, 0, 0, 0, 0, 0, 0, 0, 0]
34314_0091_A_1772	H1打开C1的按钮并轻抚它。	c1	3,0,0,0,0,0	[3, 0, 0, 0, 0, 0]	[0, 0, 0, 1, 0, 0, 0, 0, 0, 0, 0, 0, 0, 0, 0, 0, 0, 0, 0, 0, 0, 0, 0, 0]
34314_0091_A_1776	C1将手伸进H1的胯部，抚摸它。	c1	3,0,0,0,0,0	[3, 0, 0, 0, 0, 0]	[0, 0, 0, 1, 0, 0, 0, 0, 0, 0, 0, 0, 0, 0, 0, 0, 0, 0, 0, 0, 0, 0, 0, 0]
34314_0091_A_1777	C1将手伸进H1的胯部，抚摸它。	h1	3,0,0,0,0,0	[3, 0, 0, 0, 0, 0]	[0, 0, 0, 1, 0, 0, 0, 0, 0, 0, 0, 0, 0, 0, 0, 0, 0, 0, 0, 0, 0, 0, 0, 0]
34314_0091_A_1778	H1：那里，是的，我喜欢。	h1	3,0,0,0,0,0	[3, 0, 0, 0, 0, 0]	[0, 0, 0, 1, 0, 0, 0, 0, 0, 0, 0, 0, 0, 0, 0, 0, 0, 0, 0, 0, 0, 0, 0, 0]
34314_0091_A_1779	H1，C1爱抚和亲吻。	c1	3,0,0,0,0,0	[3, 0, 0, 0, 0, 0]	[0, 0, 0, 1, 0, 0, 0, 0, 0, 0, 0, 0, 0, 0, 0, 0, 0, 0, 0, 0, 0, 0, 0, 0]
34314_0091_A_1780	H1，C1爱抚和亲吻。	h1	3,0,0,0,0,0	[3, 0, 0, 0, 0, 0]	[0, 0, 0, 1, 0, 0, 0, 0, 0, 0, 0, 0, 0, 0, 0, 0, 0, 0, 0, 0, 0, 0, 0, 0]
34314_0092_A_1802	H1：那你还想要什么？我让你睡觉好吗？完成	h1	3,0,0,0,0,0	[3, 0, 0, 0, 0, 0]	[0, 0, 0, 1, 0, 0, 0, 0, 0, 0, 0, 0, 0, 0, 0, 0, 0, 0, 0, 0, 0, 0, 0, 0]
34314_0096_A_1835	B1：孩子们，让我们去富有的家庭，对吗。除了我们几个人之外，没有人知道。所以什么都没发生，你知道吗？爸爸有自己的计划。所以别想了，好吗？	b1	3,0,0,0,0,0	[3, 0, 0, 0, 0, 0]	[0, 0, 0, 1, 0, 0, 0, 0, 0, 0, 0, 0, 0, 0, 0, 0, 0, 0, 0, 0, 0, 0, 0, 0]
34314_0096_A_1838	B1带着一对孩子离开。	b1	3,0,0,0,0,0	[3, 0, 0, 0, 0, 0]	[0, 0, 0, 1, 0, 0, 0, 0, 0, 0, 0, 0, 0, 0, 0, 0, 0, 0, 0, 0, 0, 0, 0, 0]
34314_0096_A_1834	B1站起来安慰她的女儿。	b1	3,0,0,0,0,0	[3, 0, 0, 0, 0, 0]	[0, 0, 0, 1, 0, 0, 0, 0, 0, 0, 0, 0, 0, 0, 0, 0, 0, 0, 0, 0, 0, 0, 0, 0]
34314_0096_A_1837	我们回家洗个澡吧。	b1	3,0,0,0,0,0	[3, 0, 0, 0, 0, 0]	[0, 0, 0, 1, 0, 0, 0, 0, 0, 0, 0, 0, 0, 0, 0, 0, 0, 0, 0, 0, 0, 0, 0, 0]
34314_0097_A_1846	你呆在那里。这里有污水。	b1	3,0,0,0,0,0	[3, 0, 0, 0, 0, 0]	[0, 0, 0, 1, 0, 0, 0, 0, 0, 0, 0, 0, 0, 0, 0, 0, 0, 0, 0, 0, 0, 0, 0, 0]
34314_0099_A_1896	E1和A1躺在一块木板上，B1推动木板，三者在街上缓慢移动。	e1	3,0,0,0,0,2	[3, 0, 0, 0, 0, 2]	[0, 0, 0, 1, 0, 0, 0, 0, 0, 0, 0, 0, 0, 0, 0, 0, 0, 0, 0, 0, 0, 0, 1, 0]
34314_0106_A_1978	H1：阿姨，嘘，孩子还在睡觉。	h1	3,0,0,0,0,0	[3, 0, 0, 0, 0, 0]	[0, 0, 0, 1, 0, 0, 0, 0, 0, 0, 0, 0, 0, 0, 0, 0, 0, 0, 0, 0, 0, 0, 0, 0]
34314_0109_A_1999	A1和J1躲在房间里接吻。	j1	3,0,0,0,0,0	[3, 0, 0, 0, 0, 0]	[0, 0, 0, 1, 0, 0, 0, 0, 0, 0, 0, 0, 0, 0, 0, 0, 0, 0, 0, 0, 0, 0, 0, 0]
34314_0109_A_1998	A1和J1躲在房间里接吻。	a1	3,0,0,0,0,0	[3, 0, 0, 0, 0, 0]	[0, 0, 0, 1, 0, 0, 0, 0, 0, 0, 0, 0, 0, 0, 0, 0, 0, 0, 0, 0, 0, 0, 0, 0]
34314_0109_A_2021	呆在我身边！	a1	3,0,0,0,0,0	[3, 0, 0, 0, 0, 0]	[0, 0, 0, 1, 0, 0, 0, 0, 0, 0, 0, 0, 0, 0, 0, 0, 0, 0, 0, 0, 0, 0, 0, 0]
34314_0109_A_2022	呆在我身边！	j1	3,0,0,0,0,0	[3, 0, 0, 0, 0, 0]	[0, 0, 0, 1, 0, 0, 0, 0, 0, 0, 0, 0, 0, 0, 0, 0, 0, 0, 0, 0, 0, 0, 0, 0]
34314_0120_A_2113	J1：凯文兄弟	j1	3,0,0,0,0,0	[3, 0, 0, 0, 0, 0]	[0, 0, 0, 1, 0, 0, 0, 0, 0, 0, 0, 0, 0, 0, 0, 0, 0, 0, 0, 0, 0, 0, 0, 0]
34314_0121_A_2138	H1抓住机会拿起K1并运行到C1。	h1	3,0,0,0,3,0	[3, 0, 0, 0, 3, 0]	[0, 0, 0, 1, 0, 0, 0, 0, 0, 0, 0, 0, 0, 0, 0, 0, 0, 0, 0, 1, 0, 0, 0, 0]
34314_0121_A_2141	H1：老婆！	h1	3,0,0,0,0,3	[3, 0, 0, 0, 0, 3]	[0, 0, 0, 1, 0, 0, 0, 0, 0, 0, 0, 0, 0, 0, 0, 0, 0, 0, 0, 0, 0, 0, 0, 1]
34314_0121_A_2147	B1看到J1背着满身鲜血走出门。	j1	3,0,0,0,0,3	[3, 0, 0, 0, 0, 3]	[0, 0, 0, 1, 0, 0, 0, 0, 0, 0, 0, 0, 0, 0, 0, 0, 0, 0, 0, 0, 0, 0, 0, 1]
34314_0121_A_2169	M2推开I1，立即跑向女儿并盖上她的伤口。	m2	3,0,0,0,0,3	[3, 0, 0, 0, 0, 3]	[0, 0, 0, 1, 0, 0, 0, 0, 0, 0, 0, 0, 0, 0, 0, 0, 0, 0, 0, 0, 0, 0, 0, 1]
34314_0152_A_2318	B1和A1父子在院子里互相拥抱。	b1	3,0,0,0,0,0	[3, 0, 0, 0, 0, 0]	[0, 0, 0, 1, 0, 0, 0, 0, 0, 0, 0, 0, 0, 0, 0, 0, 0, 0, 0, 0, 0, 0, 0, 0]
34314_0152_A_2319	M2也走到父子面前。	m2	3,0,0,0,0,0	[3, 0, 0, 0, 0, 0]	[0, 0, 0, 1, 0, 0, 0, 0, 0, 0, 0, 0, 0, 0, 0, 0, 0, 0, 0, 0, 0, 0, 0, 0]
34314_0152_A_2317	B1和A1父子在院子里互相拥抱。	a1	3,0,0,0,0,0	[3, 0, 0, 0, 0, 0]	[0, 0, 0, 1, 0, 0, 0, 0, 0, 0, 0, 0, 0, 0, 0, 0, 0, 0, 0, 0, 0, 0, 0, 0]
34314_0153_A_2324	A1旁白：在那一天到来之前，请小心。	a1	3,0,0,0,0,0	[3, 0, 0, 0, 0, 0]	[0, 0, 0, 1, 0, 0, 0, 0, 0, 0, 0, 0, 0, 0, 0, 0, 0, 0, 0, 0, 0, 0, 0, 0]
34527_0107_A_1269	O2用双手握住P2的脸，低着头亲吻P2。	o2	3,0,0,0,0,0	[3, 0, 0, 0, 0, 0]	[0, 0, 0, 1, 0, 0, 0, 0, 0, 0, 0, 0, 0, 0, 0, 0, 0, 0, 0, 0, 0, 0, 0, 0]
34527_0107_A_1270	O2用双手握住P2的脸，低着头亲吻P2。	p2	3,0,0,0,0,0	[3, 0, 0, 0, 0, 0]	[0, 0, 0, 1, 0, 0, 0, 0, 0, 0, 0, 0, 0, 0, 0, 0, 0, 0, 0, 0, 0, 0, 0, 0]
34527_0107_A_1271	O2解开P2的衣服，但他无法解开。	o2	3,0,0,0,0,0	[3, 0, 0, 0, 0, 0]	[0, 0, 0, 1, 0, 0, 0, 0, 0, 0, 0, 0, 0, 0, 0, 0, 0, 0, 0, 0, 0, 0, 0, 0]
34527_0107_A_1272	O2解开P2的衣服，但他无法解开。	p2	3,0,0,0,0,0	[3, 0, 0, 0, 0, 0]	[0, 0, 0, 1, 0, 0, 0, 0, 0, 0, 0, 0, 0, 0, 0, 0, 0, 0, 0, 0, 0, 0, 0, 0]
34527_0107_A_1275	我向你保证，战争结束后，我会找到你，带你回我的家乡。	o2	3,0,0,0,0,0	[3, 0, 0, 0, 0, 0]	[0, 0, 0, 1, 0, 0, 0, 0, 0, 0, 0, 0, 0, 0, 0, 0, 0, 0, 0, 0, 0, 0, 0, 0]
34527_0107_A_1277	O2静静地看着P2，摸了摸P2的脸。	o2	3,0,0,0,0,0	[3, 0, 0, 0, 0, 0]	[0, 0, 0, 1, 0, 0, 0, 0, 0, 0, 0, 0, 0, 0, 0, 0, 0, 0, 0, 0, 0, 0, 0, 0]
34527_0107_A_1278	O2静静地看着P2，摸了摸P2的脸。	p2	3,0,0,0,0,0	[3, 0, 0, 0, 0, 0]	[0, 0, 0, 1, 0, 0, 0, 0, 0, 0, 0, 0, 0, 0, 0, 0, 0, 0, 0, 0, 0, 0, 0, 0]
34527_0118_A_1424	P2含着泪水走过O2。这是安慰产品。他们双手合十。	o2	3,0,0,0,0,2	[3, 0, 0, 0, 0, 2]	[0, 0, 0, 1, 0, 0, 0, 0, 0, 0, 0, 0, 0, 0, 0, 0, 0, 0, 0, 0, 0, 0, 1, 0]
34527_0118_A_1425	P2含着泪水走过O2。这是安慰产品。他们双手合十。	p2	3,0,0,0,0,2	[3, 0, 0, 0, 0, 2]	[0, 0, 0, 1, 0, 0, 0, 0, 0, 0, 0, 0, 0, 0, 0, 0, 0, 0, 0, 0, 0, 0, 1, 0]
34949_0159_A_1319	W2愣了一会儿。他捂住麦克风咳嗽。他沉重而缓慢地说：是的，教练。在这部电影中，他已经多次说过这三个字，但这次，他的声音非常缓慢，充满了感情。	w2	3,0,0,0,0,3	[3, 0, 0, 0, 0, 3]	[0, 0, 0, 1, 0, 0, 0, 0, 0, 0, 0, 0, 0, 0, 0, 0, 0, 0, 0, 0, 0, 0, 0, 1]
